 BELLHOP/BELLHOP3D

 BELLHOP- channel_A                                                              
 frequency =   3000.     Hz

 Dummy parameter NMedia =            1

     N2-linear approximation to SSP
     Attenuation units: dB/wavelength
     VACUUM

 Depth =    4325.00 m

 Sound speed profile:
   z (m)     alphaR (m/s)   betaR  rho (g/cm^3)  alphaI     betaI

      0.00      1541.32      0.00     1.00       0.0000    0.0000
      1.00      1542.53      0.00     1.00       0.0000    0.0000
      2.00      1542.59      0.00     1.00       0.0000    0.0000
      3.00      1542.58      0.00     1.00       0.0000    0.0000
      4.00      1542.57      0.00     1.00       0.0000    0.0000
      5.00      1542.61      0.00     1.00       0.0000    0.0000
      6.00      1542.57      0.00     1.00       0.0000    0.0000
      7.00      1542.57      0.00     1.00       0.0000    0.0000
      8.00      1542.56      0.00     1.00       0.0000    0.0000
      9.00      1542.51      0.00     1.00       0.0000    0.0000
     10.00      1542.44      0.00     1.00       0.0000    0.0000
     11.00      1542.41      0.00     1.00       0.0000    0.0000
     12.00      1542.37      0.00     1.00       0.0000    0.0000
     13.00      1542.36      0.00     1.00       0.0000    0.0000
     14.00      1542.38      0.00     1.00       0.0000    0.0000
     15.00      1542.39      0.00     1.00       0.0000    0.0000
     16.00      1542.39      0.00     1.00       0.0000    0.0000
     17.00      1542.37      0.00     1.00       0.0000    0.0000
     18.00      1542.37      0.00     1.00       0.0000    0.0000
     19.00      1542.37      0.00     1.00       0.0000    0.0000
     20.00      1542.39      0.00     1.00       0.0000    0.0000
     21.00      1542.39      0.00     1.00       0.0000    0.0000
     22.00      1542.40      0.00     1.00       0.0000    0.0000
     23.00      1542.41      0.00     1.00       0.0000    0.0000
     24.00      1542.43      0.00     1.00       0.0000    0.0000
     25.00      1542.44      0.00     1.00       0.0000    0.0000
     26.00      1542.46      0.00     1.00       0.0000    0.0000
     27.00      1542.47      0.00     1.00       0.0000    0.0000
     28.00      1542.48      0.00     1.00       0.0000    0.0000
     29.00      1542.50      0.00     1.00       0.0000    0.0000
     30.00      1542.50      0.00     1.00       0.0000    0.0000
     31.00      1542.51      0.00     1.00       0.0000    0.0000
     32.00      1542.52      0.00     1.00       0.0000    0.0000
     33.00      1542.52      0.00     1.00       0.0000    0.0000
     34.00      1542.53      0.00     1.00       0.0000    0.0000
     35.00      1542.54      0.00     1.00       0.0000    0.0000
     36.00      1542.54      0.00     1.00       0.0000    0.0000
     37.00      1542.53      0.00     1.00       0.0000    0.0000
     38.00      1542.39      0.00     1.00       0.0000    0.0000
     39.00      1541.76      0.00     1.00       0.0000    0.0000
     40.00      1540.43      0.00     1.00       0.0000    0.0000
     41.00      1539.38      0.00     1.00       0.0000    0.0000
     42.00      1539.02      0.00     1.00       0.0000    0.0000
     43.00      1538.73      0.00     1.00       0.0000    0.0000
     44.00      1538.65      0.00     1.00       0.0000    0.0000
     45.00      1538.61      0.00     1.00       0.0000    0.0000
     46.00      1538.72      0.00     1.00       0.0000    0.0000
     47.00      1538.49      0.00     1.00       0.0000    0.0000
     48.00      1538.30      0.00     1.00       0.0000    0.0000
     49.00      1538.11      0.00     1.00       0.0000    0.0000
     50.00      1538.12      0.00     1.00       0.0000    0.0000
     51.00      1537.82      0.00     1.00       0.0000    0.0000
     52.00      1537.55      0.00     1.00       0.0000    0.0000
     53.00      1537.48      0.00     1.00       0.0000    0.0000
     54.00      1537.50      0.00     1.00       0.0000    0.0000
     55.00      1537.45      0.00     1.00       0.0000    0.0000
     56.00      1537.33      0.00     1.00       0.0000    0.0000
     57.00      1537.05      0.00     1.00       0.0000    0.0000
     58.00      1536.68      0.00     1.00       0.0000    0.0000
     59.00      1536.35      0.00     1.00       0.0000    0.0000
     60.00      1536.14      0.00     1.00       0.0000    0.0000
     61.00      1535.87      0.00     1.00       0.0000    0.0000
     62.00      1535.16      0.00     1.00       0.0000    0.0000
     63.00      1534.22      0.00     1.00       0.0000    0.0000
     64.00      1533.31      0.00     1.00       0.0000    0.0000
     65.00      1532.56      0.00     1.00       0.0000    0.0000
     66.00      1532.41      0.00     1.00       0.0000    0.0000
     67.00      1532.20      0.00     1.00       0.0000    0.0000
     68.00      1531.86      0.00     1.00       0.0000    0.0000
     69.00      1531.54      0.00     1.00       0.0000    0.0000
     70.00      1531.34      0.00     1.00       0.0000    0.0000
     71.00      1531.15      0.00     1.00       0.0000    0.0000
     72.00      1529.40      0.00     1.00       0.0000    0.0000
     73.00      1528.99      0.00     1.00       0.0000    0.0000
     74.00      1528.84      0.00     1.00       0.0000    0.0000
     75.00      1528.80      0.00     1.00       0.0000    0.0000
     76.00      1528.59      0.00     1.00       0.0000    0.0000
     77.00      1527.70      0.00     1.00       0.0000    0.0000
     78.00      1527.39      0.00     1.00       0.0000    0.0000
     79.00      1526.92      0.00     1.00       0.0000    0.0000
     80.00      1526.58      0.00     1.00       0.0000    0.0000
     81.00      1525.87      0.00     1.00       0.0000    0.0000
     82.00      1525.59      0.00     1.00       0.0000    0.0000
     83.00      1525.55      0.00     1.00       0.0000    0.0000
     84.00      1525.52      0.00     1.00       0.0000    0.0000
     85.00      1525.52      0.00     1.00       0.0000    0.0000
     86.00      1525.51      0.00     1.00       0.0000    0.0000
     87.00      1525.38      0.00     1.00       0.0000    0.0000
     88.00      1525.33      0.00     1.00       0.0000    0.0000
     89.00      1525.25      0.00     1.00       0.0000    0.0000
     90.00      1525.16      0.00     1.00       0.0000    0.0000
     91.00      1524.79      0.00     1.00       0.0000    0.0000
     92.00      1524.41      0.00     1.00       0.0000    0.0000
     93.00      1524.07      0.00     1.00       0.0000    0.0000
     94.00      1523.92      0.00     1.00       0.0000    0.0000
     95.00      1523.73      0.00     1.00       0.0000    0.0000
     96.00      1523.62      0.00     1.00       0.0000    0.0000
     97.00      1523.61      0.00     1.00       0.0000    0.0000
     98.00      1523.59      0.00     1.00       0.0000    0.0000
     99.00      1523.51      0.00     1.00       0.0000    0.0000
    100.00      1523.39      0.00     1.00       0.0000    0.0000
    101.00      1523.18      0.00     1.00       0.0000    0.0000
    102.00      1522.63      0.00     1.00       0.0000    0.0000
    103.00      1522.25      0.00     1.00       0.0000    0.0000
    104.00      1522.14      0.00     1.00       0.0000    0.0000
    105.00      1522.14      0.00     1.00       0.0000    0.0000
    106.00      1522.11      0.00     1.00       0.0000    0.0000
    107.00      1522.12      0.00     1.00       0.0000    0.0000
    108.00      1522.04      0.00     1.00       0.0000    0.0000
    109.00      1521.95      0.00     1.00       0.0000    0.0000
    110.00      1521.80      0.00     1.00       0.0000    0.0000
    111.00      1521.69      0.00     1.00       0.0000    0.0000
    112.00      1521.43      0.00     1.00       0.0000    0.0000
    113.00      1521.30      0.00     1.00       0.0000    0.0000
    114.00      1521.17      0.00     1.00       0.0000    0.0000
    115.00      1521.00      0.00     1.00       0.0000    0.0000
    116.00      1520.94      0.00     1.00       0.0000    0.0000
    117.00      1520.91      0.00     1.00       0.0000    0.0000
    118.00      1520.91      0.00     1.00       0.0000    0.0000
    119.00      1520.88      0.00     1.00       0.0000    0.0000
    120.00      1520.87      0.00     1.00       0.0000    0.0000
    121.00      1520.83      0.00     1.00       0.0000    0.0000
    122.00      1520.73      0.00     1.00       0.0000    0.0000
    123.00      1520.42      0.00     1.00       0.0000    0.0000
    124.00      1520.23      0.00     1.00       0.0000    0.0000
    125.00      1520.12      0.00     1.00       0.0000    0.0000
    126.00      1520.08      0.00     1.00       0.0000    0.0000
    127.00      1520.08      0.00     1.00       0.0000    0.0000
    128.00      1520.07      0.00     1.00       0.0000    0.0000
    129.00      1520.02      0.00     1.00       0.0000    0.0000
    130.00      1519.96      0.00     1.00       0.0000    0.0000
    131.00      1519.96      0.00     1.00       0.0000    0.0000
    132.00      1519.95      0.00     1.00       0.0000    0.0000
    133.00      1519.94      0.00     1.00       0.0000    0.0000
    134.00      1519.94      0.00     1.00       0.0000    0.0000
    135.00      1519.94      0.00     1.00       0.0000    0.0000
    136.00      1519.91      0.00     1.00       0.0000    0.0000
    137.00      1519.81      0.00     1.00       0.0000    0.0000
    138.00      1519.64      0.00     1.00       0.0000    0.0000
    139.00      1519.48      0.00     1.00       0.0000    0.0000
    140.00      1519.27      0.00     1.00       0.0000    0.0000
    141.00      1519.01      0.00     1.00       0.0000    0.0000
    142.00      1518.87      0.00     1.00       0.0000    0.0000
    143.00      1518.78      0.00     1.00       0.0000    0.0000
    144.00      1518.64      0.00     1.00       0.0000    0.0000
    145.00      1518.45      0.00     1.00       0.0000    0.0000
    146.00      1518.14      0.00     1.00       0.0000    0.0000
    147.00      1517.99      0.00     1.00       0.0000    0.0000
    148.00      1517.94      0.00     1.00       0.0000    0.0000
    149.00      1517.91      0.00     1.00       0.0000    0.0000
    150.00      1517.56      0.00     1.00       0.0000    0.0000
    151.00      1517.45      0.00     1.00       0.0000    0.0000
    152.00      1517.22      0.00     1.00       0.0000    0.0000
    153.00      1517.03      0.00     1.00       0.0000    0.0000
    154.00      1516.95      0.00     1.00       0.0000    0.0000
    155.00      1516.89      0.00     1.00       0.0000    0.0000
    156.00      1516.61      0.00     1.00       0.0000    0.0000
    157.00      1516.30      0.00     1.00       0.0000    0.0000
    158.00      1515.93      0.00     1.00       0.0000    0.0000
    159.00      1515.83      0.00     1.00       0.0000    0.0000
    160.00      1515.84      0.00     1.00       0.0000    0.0000
    161.00      1515.77      0.00     1.00       0.0000    0.0000
    162.00      1515.68      0.00     1.00       0.0000    0.0000
    163.00      1515.44      0.00     1.00       0.0000    0.0000
    164.00      1515.32      0.00     1.00       0.0000    0.0000
    165.00      1515.25      0.00     1.00       0.0000    0.0000
    166.00      1515.16      0.00     1.00       0.0000    0.0000
    167.00      1515.12      0.00     1.00       0.0000    0.0000
    168.00      1515.04      0.00     1.00       0.0000    0.0000
    169.00      1514.90      0.00     1.00       0.0000    0.0000
    170.00      1514.75      0.00     1.00       0.0000    0.0000
    171.00      1514.65      0.00     1.00       0.0000    0.0000
    172.00      1514.59      0.00     1.00       0.0000    0.0000
    173.00      1514.29      0.00     1.00       0.0000    0.0000
    174.00      1514.15      0.00     1.00       0.0000    0.0000
    175.00      1513.99      0.00     1.00       0.0000    0.0000
    176.00      1513.92      0.00     1.00       0.0000    0.0000
    177.00      1513.86      0.00     1.00       0.0000    0.0000
    178.00      1513.75      0.00     1.00       0.0000    0.0000
    179.00      1513.70      0.00     1.00       0.0000    0.0000
    180.00      1513.56      0.00     1.00       0.0000    0.0000
    181.00      1513.36      0.00     1.00       0.0000    0.0000
    182.00      1513.34      0.00     1.00       0.0000    0.0000
    183.00      1513.25      0.00     1.00       0.0000    0.0000
    184.00      1513.00      0.00     1.00       0.0000    0.0000
    185.00      1512.74      0.00     1.00       0.0000    0.0000
    186.00      1512.64      0.00     1.00       0.0000    0.0000
    187.00      1512.54      0.00     1.00       0.0000    0.0000
    188.00      1512.47      0.00     1.00       0.0000    0.0000
    189.00      1512.21      0.00     1.00       0.0000    0.0000
    190.00      1512.17      0.00     1.00       0.0000    0.0000
    191.00      1512.13      0.00     1.00       0.0000    0.0000
    192.00      1512.11      0.00     1.00       0.0000    0.0000
    193.00      1512.10      0.00     1.00       0.0000    0.0000
    194.00      1512.03      0.00     1.00       0.0000    0.0000
    195.00      1511.93      0.00     1.00       0.0000    0.0000
    196.00      1511.85      0.00     1.00       0.0000    0.0000
    197.00      1511.71      0.00     1.00       0.0000    0.0000
    198.00      1511.58      0.00     1.00       0.0000    0.0000
    199.00      1511.51      0.00     1.00       0.0000    0.0000
    200.00      1511.45      0.00     1.00       0.0000    0.0000
    201.00      1511.31      0.00     1.00       0.0000    0.0000
    202.00      1511.04      0.00     1.00       0.0000    0.0000
    203.00      1511.00      0.00     1.00       0.0000    0.0000
    204.00      1510.87      0.00     1.00       0.0000    0.0000
    205.00      1510.65      0.00     1.00       0.0000    0.0000
    206.00      1510.52      0.00     1.00       0.0000    0.0000
    207.00      1510.40      0.00     1.00       0.0000    0.0000
    208.00      1510.36      0.00     1.00       0.0000    0.0000
    209.00      1510.28      0.00     1.00       0.0000    0.0000
    210.00      1510.27      0.00     1.00       0.0000    0.0000
    211.00      1510.25      0.00     1.00       0.0000    0.0000
    212.00      1510.16      0.00     1.00       0.0000    0.0000
    213.00      1509.87      0.00     1.00       0.0000    0.0000
    214.00      1509.68      0.00     1.00       0.0000    0.0000
    215.00      1509.65      0.00     1.00       0.0000    0.0000
    216.00      1509.57      0.00     1.00       0.0000    0.0000
    217.00      1509.54      0.00     1.00       0.0000    0.0000
    218.00      1509.54      0.00     1.00       0.0000    0.0000
    219.00      1509.46      0.00     1.00       0.0000    0.0000
    220.00      1509.38      0.00     1.00       0.0000    0.0000
    221.00      1509.22      0.00     1.00       0.0000    0.0000
    222.00      1509.17      0.00     1.00       0.0000    0.0000
    223.00      1509.14      0.00     1.00       0.0000    0.0000
    224.00      1509.08      0.00     1.00       0.0000    0.0000
    225.00      1509.05      0.00     1.00       0.0000    0.0000
    226.00      1508.90      0.00     1.00       0.0000    0.0000
    227.00      1508.75      0.00     1.00       0.0000    0.0000
    228.00      1508.64      0.00     1.00       0.0000    0.0000
    229.00      1508.53      0.00     1.00       0.0000    0.0000
    230.00      1508.43      0.00     1.00       0.0000    0.0000
    231.00      1508.21      0.00     1.00       0.0000    0.0000
    232.00      1508.15      0.00     1.00       0.0000    0.0000
    233.00      1508.07      0.00     1.00       0.0000    0.0000
    234.00      1508.04      0.00     1.00       0.0000    0.0000
    235.00      1507.95      0.00     1.00       0.0000    0.0000
    236.00      1507.86      0.00     1.00       0.0000    0.0000
    237.00      1507.84      0.00     1.00       0.0000    0.0000
    238.00      1507.81      0.00     1.00       0.0000    0.0000
    239.00      1507.78      0.00     1.00       0.0000    0.0000
    240.00      1507.66      0.00     1.00       0.0000    0.0000
    241.00      1507.61      0.00     1.00       0.0000    0.0000
    242.00      1507.49      0.00     1.00       0.0000    0.0000
    243.00      1507.40      0.00     1.00       0.0000    0.0000
    244.00      1507.31      0.00     1.00       0.0000    0.0000
    245.00      1507.25      0.00     1.00       0.0000    0.0000
    246.00      1507.22      0.00     1.00       0.0000    0.0000
    247.00      1507.21      0.00     1.00       0.0000    0.0000
    248.00      1507.17      0.00     1.00       0.0000    0.0000
    249.00      1507.14      0.00     1.00       0.0000    0.0000
    250.00      1507.11      0.00     1.00       0.0000    0.0000
    251.00      1507.08      0.00     1.00       0.0000    0.0000
    252.00      1506.91      0.00     1.00       0.0000    0.0000
    253.00      1506.87      0.00     1.00       0.0000    0.0000
    254.00      1506.85      0.00     1.00       0.0000    0.0000
    255.00      1506.82      0.00     1.00       0.0000    0.0000
    256.00      1506.67      0.00     1.00       0.0000    0.0000
    257.00      1506.57      0.00     1.00       0.0000    0.0000
    258.00      1506.43      0.00     1.00       0.0000    0.0000
    259.00      1506.26      0.00     1.00       0.0000    0.0000
    260.00      1506.19      0.00     1.00       0.0000    0.0000
    261.00      1506.18      0.00     1.00       0.0000    0.0000
    262.00      1506.15      0.00     1.00       0.0000    0.0000
    263.00      1506.11      0.00     1.00       0.0000    0.0000
    264.00      1506.11      0.00     1.00       0.0000    0.0000
    265.00      1506.10      0.00     1.00       0.0000    0.0000
    266.00      1506.05      0.00     1.00       0.0000    0.0000
    267.00      1505.94      0.00     1.00       0.0000    0.0000
    268.00      1505.78      0.00     1.00       0.0000    0.0000
    269.00      1505.68      0.00     1.00       0.0000    0.0000
    270.00      1505.62      0.00     1.00       0.0000    0.0000
    271.00      1505.57      0.00     1.00       0.0000    0.0000
    272.00      1505.50      0.00     1.00       0.0000    0.0000
    273.00      1505.48      0.00     1.00       0.0000    0.0000
    274.00      1505.36      0.00     1.00       0.0000    0.0000
    275.00      1504.99      0.00     1.00       0.0000    0.0000
    276.00      1504.94      0.00     1.00       0.0000    0.0000
    277.00      1504.94      0.00     1.00       0.0000    0.0000
    278.00      1504.89      0.00     1.00       0.0000    0.0000
    279.00      1504.83      0.00     1.00       0.0000    0.0000
    280.00      1504.83      0.00     1.00       0.0000    0.0000
    281.00      1504.67      0.00     1.00       0.0000    0.0000
    282.00      1504.61      0.00     1.00       0.0000    0.0000
    283.00      1504.57      0.00     1.00       0.0000    0.0000
    284.00      1504.54      0.00     1.00       0.0000    0.0000
    285.00      1504.53      0.00     1.00       0.0000    0.0000
    286.00      1504.53      0.00     1.00       0.0000    0.0000
    287.00      1504.53      0.00     1.00       0.0000    0.0000
    288.00      1504.50      0.00     1.00       0.0000    0.0000
    289.00      1504.46      0.00     1.00       0.0000    0.0000
    290.00      1504.38      0.00     1.00       0.0000    0.0000
    291.00      1504.25      0.00     1.00       0.0000    0.0000
    292.00      1504.07      0.00     1.00       0.0000    0.0000
    293.00      1504.02      0.00     1.00       0.0000    0.0000
    294.00      1503.91      0.00     1.00       0.0000    0.0000
    295.00      1503.85      0.00     1.00       0.0000    0.0000
    296.00      1503.78      0.00     1.00       0.0000    0.0000
    297.00      1503.62      0.00     1.00       0.0000    0.0000
    298.00      1503.55      0.00     1.00       0.0000    0.0000
    299.00      1503.53      0.00     1.00       0.0000    0.0000
    300.00      1503.50      0.00     1.00       0.0000    0.0000
    301.00      1503.43      0.00     1.00       0.0000    0.0000
    302.00      1503.28      0.00     1.00       0.0000    0.0000
    303.00      1503.19      0.00     1.00       0.0000    0.0000
    304.00      1503.09      0.00     1.00       0.0000    0.0000
    305.00      1503.05      0.00     1.00       0.0000    0.0000
    306.00      1503.03      0.00     1.00       0.0000    0.0000
    307.00      1502.98      0.00     1.00       0.0000    0.0000
    308.00      1502.74      0.00     1.00       0.0000    0.0000
    309.00      1502.71      0.00     1.00       0.0000    0.0000
    310.00      1502.67      0.00     1.00       0.0000    0.0000
    311.00      1502.52      0.00     1.00       0.0000    0.0000
    312.00      1502.43      0.00     1.00       0.0000    0.0000
    313.00      1502.27      0.00     1.00       0.0000    0.0000
    314.00      1502.18      0.00     1.00       0.0000    0.0000
    315.00      1502.11      0.00     1.00       0.0000    0.0000
    316.00      1501.87      0.00     1.00       0.0000    0.0000
    317.00      1501.77      0.00     1.00       0.0000    0.0000
    318.00      1501.67      0.00     1.00       0.0000    0.0000
    319.00      1501.67      0.00     1.00       0.0000    0.0000
    320.00      1501.67      0.00     1.00       0.0000    0.0000
    321.00      1501.64      0.00     1.00       0.0000    0.0000
    322.00      1501.59      0.00     1.00       0.0000    0.0000
    323.00      1501.49      0.00     1.00       0.0000    0.0000
    324.00      1501.47      0.00     1.00       0.0000    0.0000
    325.00      1501.45      0.00     1.00       0.0000    0.0000
    326.00      1501.43      0.00     1.00       0.0000    0.0000
    327.00      1501.36      0.00     1.00       0.0000    0.0000
    328.00      1501.27      0.00     1.00       0.0000    0.0000
    329.00      1501.15      0.00     1.00       0.0000    0.0000
    330.00      1501.11      0.00     1.00       0.0000    0.0000
    331.00      1501.07      0.00     1.00       0.0000    0.0000
    332.00      1500.81      0.00     1.00       0.0000    0.0000
    333.00      1500.80      0.00     1.00       0.0000    0.0000
    334.00      1500.81      0.00     1.00       0.0000    0.0000
    335.00      1500.75      0.00     1.00       0.0000    0.0000
    336.00      1500.67      0.00     1.00       0.0000    0.0000
    337.00      1500.67      0.00     1.00       0.0000    0.0000
    338.00      1500.68      0.00     1.00       0.0000    0.0000
    339.00      1500.67      0.00     1.00       0.0000    0.0000
    340.00      1500.66      0.00     1.00       0.0000    0.0000
    341.00      1500.67      0.00     1.00       0.0000    0.0000
    342.00      1500.66      0.00     1.00       0.0000    0.0000
    343.00      1500.59      0.00     1.00       0.0000    0.0000
    344.00      1500.57      0.00     1.00       0.0000    0.0000
    345.00      1500.54      0.00     1.00       0.0000    0.0000
    346.00      1500.49      0.00     1.00       0.0000    0.0000
    347.00      1500.48      0.00     1.00       0.0000    0.0000
    348.00      1500.48      0.00     1.00       0.0000    0.0000
    349.00      1500.45      0.00     1.00       0.0000    0.0000
    350.00      1500.41      0.00     1.00       0.0000    0.0000
    351.00      1500.39      0.00     1.00       0.0000    0.0000
    352.00      1500.35      0.00     1.00       0.0000    0.0000
    353.00      1500.32      0.00     1.00       0.0000    0.0000
    354.00      1500.31      0.00     1.00       0.0000    0.0000
    355.00      1500.30      0.00     1.00       0.0000    0.0000
    356.00      1500.30      0.00     1.00       0.0000    0.0000
    357.00      1500.29      0.00     1.00       0.0000    0.0000
    358.00      1500.28      0.00     1.00       0.0000    0.0000
    359.00      1500.28      0.00     1.00       0.0000    0.0000
    360.00      1500.26      0.00     1.00       0.0000    0.0000
    361.00      1500.19      0.00     1.00       0.0000    0.0000
    362.00      1500.01      0.00     1.00       0.0000    0.0000
    363.00      1499.90      0.00     1.00       0.0000    0.0000
    364.00      1499.84      0.00     1.00       0.0000    0.0000
    365.00      1499.80      0.00     1.00       0.0000    0.0000
    366.00      1499.73      0.00     1.00       0.0000    0.0000
    367.00      1499.73      0.00     1.00       0.0000    0.0000
    368.00      1499.71      0.00     1.00       0.0000    0.0000
    369.00      1499.71      0.00     1.00       0.0000    0.0000
    370.00      1499.71      0.00     1.00       0.0000    0.0000
    371.00      1499.70      0.00     1.00       0.0000    0.0000
    372.00      1499.71      0.00     1.00       0.0000    0.0000
    373.00      1499.71      0.00     1.00       0.0000    0.0000
    374.00      1499.71      0.00     1.00       0.0000    0.0000
    375.00      1499.71      0.00     1.00       0.0000    0.0000
    376.00      1499.68      0.00     1.00       0.0000    0.0000
    377.00      1499.62      0.00     1.00       0.0000    0.0000
    378.00      1499.55      0.00     1.00       0.0000    0.0000
    379.00      1499.49      0.00     1.00       0.0000    0.0000
    380.00      1499.37      0.00     1.00       0.0000    0.0000
    381.00      1499.22      0.00     1.00       0.0000    0.0000
    382.00      1499.14      0.00     1.00       0.0000    0.0000
    383.00      1499.08      0.00     1.00       0.0000    0.0000
    384.00      1499.01      0.00     1.00       0.0000    0.0000
    385.00      1498.99      0.00     1.00       0.0000    0.0000
    386.00      1499.00      0.00     1.00       0.0000    0.0000
    387.00      1498.94      0.00     1.00       0.0000    0.0000
    388.00      1498.77      0.00     1.00       0.0000    0.0000
    389.00      1498.64      0.00     1.00       0.0000    0.0000
    390.00      1498.53      0.00     1.00       0.0000    0.0000
    391.00      1498.21      0.00     1.00       0.0000    0.0000
    392.00      1498.12      0.00     1.00       0.0000    0.0000
    393.00      1498.10      0.00     1.00       0.0000    0.0000
    394.00      1498.10      0.00     1.00       0.0000    0.0000
    395.00      1497.99      0.00     1.00       0.0000    0.0000
    396.00      1497.81      0.00     1.00       0.0000    0.0000
    397.00      1497.72      0.00     1.00       0.0000    0.0000
    398.00      1497.70      0.00     1.00       0.0000    0.0000
    399.00      1497.67      0.00     1.00       0.0000    0.0000
    400.00      1497.64      0.00     1.00       0.0000    0.0000
    401.00      1497.64      0.00     1.00       0.0000    0.0000
    402.00      1497.64      0.00     1.00       0.0000    0.0000
    403.00      1497.64      0.00     1.00       0.0000    0.0000
    404.00      1497.64      0.00     1.00       0.0000    0.0000
    405.00      1497.65      0.00     1.00       0.0000    0.0000
    406.00      1497.64      0.00     1.00       0.0000    0.0000
    407.00      1497.64      0.00     1.00       0.0000    0.0000
    408.00      1497.63      0.00     1.00       0.0000    0.0000
    409.00      1497.61      0.00     1.00       0.0000    0.0000
    410.00      1497.54      0.00     1.00       0.0000    0.0000
    411.00      1497.50      0.00     1.00       0.0000    0.0000
    412.00      1497.48      0.00     1.00       0.0000    0.0000
    413.00      1497.43      0.00     1.00       0.0000    0.0000
    414.00      1497.35      0.00     1.00       0.0000    0.0000
    415.00      1497.27      0.00     1.00       0.0000    0.0000
    416.00      1497.21      0.00     1.00       0.0000    0.0000
    417.00      1497.21      0.00     1.00       0.0000    0.0000
    418.00      1497.21      0.00     1.00       0.0000    0.0000
    419.00      1497.20      0.00     1.00       0.0000    0.0000
    420.00      1497.14      0.00     1.00       0.0000    0.0000
    421.00      1497.07      0.00     1.00       0.0000    0.0000
    422.00      1497.07      0.00     1.00       0.0000    0.0000
    423.00      1497.08      0.00     1.00       0.0000    0.0000
    424.00      1497.01      0.00     1.00       0.0000    0.0000
    425.00      1496.95      0.00     1.00       0.0000    0.0000
    426.00      1496.92      0.00     1.00       0.0000    0.0000
    427.00      1496.85      0.00     1.00       0.0000    0.0000
    428.00      1496.72      0.00     1.00       0.0000    0.0000
    429.00      1496.56      0.00     1.00       0.0000    0.0000
    430.00      1496.50      0.00     1.00       0.0000    0.0000
    431.00      1496.50      0.00     1.00       0.0000    0.0000
    432.00      1496.50      0.00     1.00       0.0000    0.0000
    433.00      1496.42      0.00     1.00       0.0000    0.0000
    434.00      1496.38      0.00     1.00       0.0000    0.0000
    435.00      1496.30      0.00     1.00       0.0000    0.0000
    436.00      1496.27      0.00     1.00       0.0000    0.0000
    437.00      1496.18      0.00     1.00       0.0000    0.0000
    438.00      1496.06      0.00     1.00       0.0000    0.0000
    439.00      1495.96      0.00     1.00       0.0000    0.0000
    440.00      1495.98      0.00     1.00       0.0000    0.0000
    441.00      1495.89      0.00     1.00       0.0000    0.0000
    442.00      1495.84      0.00     1.00       0.0000    0.0000
    443.00      1495.76      0.00     1.00       0.0000    0.0000
    444.00      1495.69      0.00     1.00       0.0000    0.0000
    445.00      1495.68      0.00     1.00       0.0000    0.0000
    446.00      1495.69      0.00     1.00       0.0000    0.0000
    447.00      1495.71      0.00     1.00       0.0000    0.0000
    448.00      1495.72      0.00     1.00       0.0000    0.0000
    449.00      1495.74      0.00     1.00       0.0000    0.0000
    450.00      1495.74      0.00     1.00       0.0000    0.0000
    451.00      1495.67      0.00     1.00       0.0000    0.0000
    452.00      1495.64      0.00     1.00       0.0000    0.0000
    453.00      1495.61      0.00     1.00       0.0000    0.0000
    454.00      1495.57      0.00     1.00       0.0000    0.0000
    455.00      1495.45      0.00     1.00       0.0000    0.0000
    456.00      1495.38      0.00     1.00       0.0000    0.0000
    457.00      1495.31      0.00     1.00       0.0000    0.0000
    458.00      1495.28      0.00     1.00       0.0000    0.0000
    459.00      1495.20      0.00     1.00       0.0000    0.0000
    460.00      1495.11      0.00     1.00       0.0000    0.0000
    461.00      1495.04      0.00     1.00       0.0000    0.0000
    462.00      1494.99      0.00     1.00       0.0000    0.0000
    463.00      1494.96      0.00     1.00       0.0000    0.0000
    464.00      1494.92      0.00     1.00       0.0000    0.0000
    465.00      1494.89      0.00     1.00       0.0000    0.0000
    466.00      1494.77      0.00     1.00       0.0000    0.0000
    467.00      1494.70      0.00     1.00       0.0000    0.0000
    468.00      1494.70      0.00     1.00       0.0000    0.0000
    469.00      1494.67      0.00     1.00       0.0000    0.0000
    470.00      1494.58      0.00     1.00       0.0000    0.0000
    471.00      1494.52      0.00     1.00       0.0000    0.0000
    472.00      1494.45      0.00     1.00       0.0000    0.0000
    473.00      1494.37      0.00     1.00       0.0000    0.0000
    474.00      1494.19      0.00     1.00       0.0000    0.0000
    475.00      1494.11      0.00     1.00       0.0000    0.0000
    476.00      1494.06      0.00     1.00       0.0000    0.0000
    477.00      1494.03      0.00     1.00       0.0000    0.0000
    478.00      1494.00      0.00     1.00       0.0000    0.0000
    479.00      1493.97      0.00     1.00       0.0000    0.0000
    480.00      1493.94      0.00     1.00       0.0000    0.0000
    481.00      1493.90      0.00     1.00       0.0000    0.0000
    482.00      1493.83      0.00     1.00       0.0000    0.0000
    483.00      1493.75      0.00     1.00       0.0000    0.0000
    484.00      1493.73      0.00     1.00       0.0000    0.0000
    485.00      1493.64      0.00     1.00       0.0000    0.0000
    486.00      1493.63      0.00     1.00       0.0000    0.0000
    487.00      1493.61      0.00     1.00       0.0000    0.0000
    488.00      1493.61      0.00     1.00       0.0000    0.0000
    489.00      1493.57      0.00     1.00       0.0000    0.0000
    490.00      1493.55      0.00     1.00       0.0000    0.0000
    491.00      1493.52      0.00     1.00       0.0000    0.0000
    492.00      1493.52      0.00     1.00       0.0000    0.0000
    493.00      1493.46      0.00     1.00       0.0000    0.0000
    494.00      1493.39      0.00     1.00       0.0000    0.0000
    495.00      1493.40      0.00     1.00       0.0000    0.0000
    496.00      1493.41      0.00     1.00       0.0000    0.0000
    497.00      1493.41      0.00     1.00       0.0000    0.0000
    498.00      1493.35      0.00     1.00       0.0000    0.0000
    499.00      1493.32      0.00     1.00       0.0000    0.0000
    499.00      1493.32      0.00     1.00       0.0000    0.0000
    502.00      1493.24      0.00     1.00       0.0000    0.0000
    505.00      1493.17      0.00     1.00       0.0000    0.0000
    508.00      1493.12      0.00     1.00       0.0000    0.0000
    511.00      1492.91      0.00     1.00       0.0000    0.0000
    514.00      1492.81      0.00     1.00       0.0000    0.0000
    517.00      1492.56      0.00     1.00       0.0000    0.0000
    520.00      1492.43      0.00     1.00       0.0000    0.0000
    523.00      1492.42      0.00     1.00       0.0000    0.0000
    526.00      1492.43      0.00     1.00       0.0000    0.0000
    529.00      1492.36      0.00     1.00       0.0000    0.0000
    532.00      1492.35      0.00     1.00       0.0000    0.0000
    535.00      1492.20      0.00     1.00       0.0000    0.0000
    538.00      1492.13      0.00     1.00       0.0000    0.0000
    541.00      1492.04      0.00     1.00       0.0000    0.0000
    544.00      1491.99      0.00     1.00       0.0000    0.0000
    547.00      1491.98      0.00     1.00       0.0000    0.0000
    550.00      1491.84      0.00     1.00       0.0000    0.0000
    553.00      1491.77      0.00     1.00       0.0000    0.0000
    556.00      1491.76      0.00     1.00       0.0000    0.0000
    559.00      1491.70      0.00     1.00       0.0000    0.0000
    562.00      1491.66      0.00     1.00       0.0000    0.0000
    565.00      1491.60      0.00     1.00       0.0000    0.0000
    568.00      1491.38      0.00     1.00       0.0000    0.0000
    571.00      1491.35      0.00     1.00       0.0000    0.0000
    574.00      1491.27      0.00     1.00       0.0000    0.0000
    577.00      1491.30      0.00     1.00       0.0000    0.0000
    580.00      1491.32      0.00     1.00       0.0000    0.0000
    583.00      1491.36      0.00     1.00       0.0000    0.0000
    586.00      1491.37      0.00     1.00       0.0000    0.0000
    589.00      1491.26      0.00     1.00       0.0000    0.0000
    592.00      1491.15      0.00     1.00       0.0000    0.0000
    595.00      1490.97      0.00     1.00       0.0000    0.0000
    598.00      1490.82      0.00     1.00       0.0000    0.0000
    601.00      1490.76      0.00     1.00       0.0000    0.0000
    604.00      1490.73      0.00     1.00       0.0000    0.0000
    607.00      1490.69      0.00     1.00       0.0000    0.0000
    610.00      1490.70      0.00     1.00       0.0000    0.0000
    613.00      1490.68      0.00     1.00       0.0000    0.0000
    616.00      1490.63      0.00     1.00       0.0000    0.0000
    619.00      1490.60      0.00     1.00       0.0000    0.0000
    622.00      1490.59      0.00     1.00       0.0000    0.0000
    625.00      1490.49      0.00     1.00       0.0000    0.0000
    628.00      1490.45      0.00     1.00       0.0000    0.0000
    631.00      1490.25      0.00     1.00       0.0000    0.0000
    634.00      1490.27      0.00     1.00       0.0000    0.0000
    637.00      1490.19      0.00     1.00       0.0000    0.0000
    640.00      1489.96      0.00     1.00       0.0000    0.0000
    643.00      1489.93      0.00     1.00       0.0000    0.0000
    646.00      1489.91      0.00     1.00       0.0000    0.0000
    649.00      1489.91      0.00     1.00       0.0000    0.0000
    652.00      1489.86      0.00     1.00       0.0000    0.0000
    655.00      1489.79      0.00     1.00       0.0000    0.0000
    658.00      1489.71      0.00     1.00       0.0000    0.0000
    661.00      1489.69      0.00     1.00       0.0000    0.0000
    664.00      1489.66      0.00     1.00       0.0000    0.0000
    667.00      1489.62      0.00     1.00       0.0000    0.0000
    670.00      1489.57      0.00     1.00       0.0000    0.0000
    673.00      1489.48      0.00     1.00       0.0000    0.0000
    676.00      1489.40      0.00     1.00       0.0000    0.0000
    679.00      1489.35      0.00     1.00       0.0000    0.0000
    682.00      1489.30      0.00     1.00       0.0000    0.0000
    685.00      1489.17      0.00     1.00       0.0000    0.0000
    688.00      1489.17      0.00     1.00       0.0000    0.0000
    691.00      1489.07      0.00     1.00       0.0000    0.0000
    694.00      1488.97      0.00     1.00       0.0000    0.0000
    697.00      1488.87      0.00     1.00       0.0000    0.0000
    700.00      1488.83      0.00     1.00       0.0000    0.0000
    703.00      1488.75      0.00     1.00       0.0000    0.0000
    706.00      1488.68      0.00     1.00       0.0000    0.0000
    709.00      1488.68      0.00     1.00       0.0000    0.0000
    712.00      1488.59      0.00     1.00       0.0000    0.0000
    715.00      1488.55      0.00     1.00       0.0000    0.0000
    718.00      1488.52      0.00     1.00       0.0000    0.0000
    721.00      1488.49      0.00     1.00       0.0000    0.0000
    724.00      1488.50      0.00     1.00       0.0000    0.0000
    727.00      1488.36      0.00     1.00       0.0000    0.0000
    730.00      1488.21      0.00     1.00       0.0000    0.0000
    733.00      1488.15      0.00     1.00       0.0000    0.0000
    736.00      1488.06      0.00     1.00       0.0000    0.0000
    739.00      1487.96      0.00     1.00       0.0000    0.0000
    742.00      1487.84      0.00     1.00       0.0000    0.0000
    745.00      1487.82      0.00     1.00       0.0000    0.0000
    748.00      1487.78      0.00     1.00       0.0000    0.0000
    751.00      1487.71      0.00     1.00       0.0000    0.0000
    754.00      1487.69      0.00     1.00       0.0000    0.0000
    757.00      1487.58      0.00     1.00       0.0000    0.0000
    760.00      1487.39      0.00     1.00       0.0000    0.0000
    763.00      1487.39      0.00     1.00       0.0000    0.0000
    766.00      1487.39      0.00     1.00       0.0000    0.0000
    769.00      1487.34      0.00     1.00       0.0000    0.0000
    772.00      1487.34      0.00     1.00       0.0000    0.0000
    775.00      1487.30      0.00     1.00       0.0000    0.0000
    778.00      1487.23      0.00     1.00       0.0000    0.0000
    781.00      1487.22      0.00     1.00       0.0000    0.0000
    784.00      1487.13      0.00     1.00       0.0000    0.0000
    787.00      1487.13      0.00     1.00       0.0000    0.0000
    790.00      1487.15      0.00     1.00       0.0000    0.0000
    793.00      1487.03      0.00     1.00       0.0000    0.0000
    796.00      1487.02      0.00     1.00       0.0000    0.0000
    799.00      1487.05      0.00     1.00       0.0000    0.0000
    802.00      1487.07      0.00     1.00       0.0000    0.0000
    805.00      1487.06      0.00     1.00       0.0000    0.0000
    808.00      1487.06      0.00     1.00       0.0000    0.0000
    811.00      1487.03      0.00     1.00       0.0000    0.0000
    814.00      1487.02      0.00     1.00       0.0000    0.0000
    817.00      1487.02      0.00     1.00       0.0000    0.0000
    820.00      1487.04      0.00     1.00       0.0000    0.0000
    823.00      1486.97      0.00     1.00       0.0000    0.0000
    826.00      1486.90      0.00     1.00       0.0000    0.0000
    829.00      1486.90      0.00     1.00       0.0000    0.0000
    832.00      1486.92      0.00     1.00       0.0000    0.0000
    835.00      1486.92      0.00     1.00       0.0000    0.0000
    838.00      1486.82      0.00     1.00       0.0000    0.0000
    841.00      1486.66      0.00     1.00       0.0000    0.0000
    844.00      1486.63      0.00     1.00       0.0000    0.0000
    847.00      1486.62      0.00     1.00       0.0000    0.0000
    850.00      1486.55      0.00     1.00       0.0000    0.0000
    853.00      1486.51      0.00     1.00       0.0000    0.0000
    856.00      1486.47      0.00     1.00       0.0000    0.0000
    859.00      1486.47      0.00     1.00       0.0000    0.0000
    862.00      1486.50      0.00     1.00       0.0000    0.0000
    865.00      1486.40      0.00     1.00       0.0000    0.0000
    868.00      1486.29      0.00     1.00       0.0000    0.0000
    871.00      1486.30      0.00     1.00       0.0000    0.0000
    874.00      1486.30      0.00     1.00       0.0000    0.0000
    877.00      1486.30      0.00     1.00       0.0000    0.0000
    880.00      1486.29      0.00     1.00       0.0000    0.0000
    883.00      1486.30      0.00     1.00       0.0000    0.0000
    886.00      1486.25      0.00     1.00       0.0000    0.0000
    889.00      1486.08      0.00     1.00       0.0000    0.0000
    892.00      1486.09      0.00     1.00       0.0000    0.0000
    895.00      1486.01      0.00     1.00       0.0000    0.0000
    898.00      1486.01      0.00     1.00       0.0000    0.0000
    901.00      1486.06      0.00     1.00       0.0000    0.0000
    904.00      1486.11      0.00     1.00       0.0000    0.0000
    907.00      1486.15      0.00     1.00       0.0000    0.0000
    910.00      1486.11      0.00     1.00       0.0000    0.0000
    913.00      1485.94      0.00     1.00       0.0000    0.0000
    916.00      1485.83      0.00     1.00       0.0000    0.0000
    919.00      1485.85      0.00     1.00       0.0000    0.0000
    922.00      1485.82      0.00     1.00       0.0000    0.0000
    925.00      1485.77      0.00     1.00       0.0000    0.0000
    928.00      1485.82      0.00     1.00       0.0000    0.0000
    931.00      1485.80      0.00     1.00       0.0000    0.0000
    934.00      1485.73      0.00     1.00       0.0000    0.0000
    937.00      1485.72      0.00     1.00       0.0000    0.0000
    940.00      1485.74      0.00     1.00       0.0000    0.0000
    943.00      1485.76      0.00     1.00       0.0000    0.0000
    946.00      1485.79      0.00     1.00       0.0000    0.0000
    949.00      1485.73      0.00     1.00       0.0000    0.0000
    952.00      1485.74      0.00     1.00       0.0000    0.0000
    955.00      1485.73      0.00     1.00       0.0000    0.0000
    958.00      1485.73      0.00     1.00       0.0000    0.0000
    961.00      1485.75      0.00     1.00       0.0000    0.0000
    964.00      1485.77      0.00     1.00       0.0000    0.0000
    967.00      1485.58      0.00     1.00       0.0000    0.0000
    970.00      1485.45      0.00     1.00       0.0000    0.0000
    973.00      1485.45      0.00     1.00       0.0000    0.0000
    976.00      1485.48      0.00     1.00       0.0000    0.0000
    979.00      1485.49      0.00     1.00       0.0000    0.0000
    982.00      1485.47      0.00     1.00       0.0000    0.0000
    985.00      1485.45      0.00     1.00       0.0000    0.0000
    988.00      1485.37      0.00     1.00       0.0000    0.0000
    991.00      1485.27      0.00     1.00       0.0000    0.0000
    994.00      1485.26      0.00     1.00       0.0000    0.0000
    997.00      1485.22      0.00     1.00       0.0000    0.0000
   1000.00      1485.21      0.00     1.00       0.0000    0.0000
   1003.00      1485.22      0.00     1.00       0.0000    0.0000
   1006.00      1485.09      0.00     1.00       0.0000    0.0000
   1009.00      1485.03      0.00     1.00       0.0000    0.0000
   1012.00      1484.92      0.00     1.00       0.0000    0.0000
   1015.00      1484.93      0.00     1.00       0.0000    0.0000
   1018.00      1484.92      0.00     1.00       0.0000    0.0000
   1021.00      1484.89      0.00     1.00       0.0000    0.0000
   1024.00      1484.87      0.00     1.00       0.0000    0.0000
   1027.00      1484.89      0.00     1.00       0.0000    0.0000
   1030.00      1484.90      0.00     1.00       0.0000    0.0000
   1033.00      1484.91      0.00     1.00       0.0000    0.0000
   1036.00      1484.89      0.00     1.00       0.0000    0.0000
   1039.00      1484.80      0.00     1.00       0.0000    0.0000
   1042.00      1484.79      0.00     1.00       0.0000    0.0000
   1045.00      1484.82      0.00     1.00       0.0000    0.0000
   1048.00      1484.85      0.00     1.00       0.0000    0.0000
   1051.00      1484.84      0.00     1.00       0.0000    0.0000
   1054.00      1484.79      0.00     1.00       0.0000    0.0000
   1057.00      1484.78      0.00     1.00       0.0000    0.0000
   1060.00      1484.80      0.00     1.00       0.0000    0.0000
   1063.00      1484.81      0.00     1.00       0.0000    0.0000
   1066.00      1484.83      0.00     1.00       0.0000    0.0000
   1069.00      1484.85      0.00     1.00       0.0000    0.0000
   1072.00      1484.89      0.00     1.00       0.0000    0.0000
   1075.00      1484.88      0.00     1.00       0.0000    0.0000
   1078.00      1484.89      0.00     1.00       0.0000    0.0000
   1081.00      1484.86      0.00     1.00       0.0000    0.0000
   1084.00      1484.87      0.00     1.00       0.0000    0.0000
   1087.00      1484.84      0.00     1.00       0.0000    0.0000
   1090.00      1484.78      0.00     1.00       0.0000    0.0000
   1093.00      1484.75      0.00     1.00       0.0000    0.0000
   1096.00      1484.65      0.00     1.00       0.0000    0.0000
   1099.00      1484.53      0.00     1.00       0.0000    0.0000
   1102.00      1484.53      0.00     1.00       0.0000    0.0000
   1105.00      1484.55      0.00     1.00       0.0000    0.0000
   1108.00      1484.56      0.00     1.00       0.0000    0.0000
   1111.00      1484.58      0.00     1.00       0.0000    0.0000
   1114.00      1484.60      0.00     1.00       0.0000    0.0000
   1117.00      1484.54      0.00     1.00       0.0000    0.0000
   1120.00      1484.51      0.00     1.00       0.0000    0.0000
   1123.00      1484.47      0.00     1.00       0.0000    0.0000
   1126.00      1484.44      0.00     1.00       0.0000    0.0000
   1129.00      1484.43      0.00     1.00       0.0000    0.0000
   1132.00      1484.42      0.00     1.00       0.0000    0.0000
   1135.00      1484.44      0.00     1.00       0.0000    0.0000
   1138.00      1484.48      0.00     1.00       0.0000    0.0000
   1141.00      1484.48      0.00     1.00       0.0000    0.0000
   1144.00      1484.43      0.00     1.00       0.0000    0.0000
   1147.00      1484.47      0.00     1.00       0.0000    0.0000
   1150.00      1484.49      0.00     1.00       0.0000    0.0000
   1153.00      1484.49      0.00     1.00       0.0000    0.0000
   1156.00      1484.45      0.00     1.00       0.0000    0.0000
   1159.00      1484.40      0.00     1.00       0.0000    0.0000
   1162.00      1484.37      0.00     1.00       0.0000    0.0000
   1165.00      1484.40      0.00     1.00       0.0000    0.0000
   1168.00      1484.43      0.00     1.00       0.0000    0.0000
   1171.00      1484.47      0.00     1.00       0.0000    0.0000
   1174.00      1484.49      0.00     1.00       0.0000    0.0000
   1177.00      1484.47      0.00     1.00       0.0000    0.0000
   1180.00      1484.47      0.00     1.00       0.0000    0.0000
   1183.00      1484.50      0.00     1.00       0.0000    0.0000
   1186.00      1484.53      0.00     1.00       0.0000    0.0000
   1189.00      1484.54      0.00     1.00       0.0000    0.0000
   1192.00      1484.57      0.00     1.00       0.0000    0.0000
   1195.00      1484.61      0.00     1.00       0.0000    0.0000
   1198.00      1484.60      0.00     1.00       0.0000    0.0000
   1201.00      1484.62      0.00     1.00       0.0000    0.0000
   1204.00      1484.64      0.00     1.00       0.0000    0.0000
   1207.00      1484.68      0.00     1.00       0.0000    0.0000
   1210.00      1484.71      0.00     1.00       0.0000    0.0000
   1213.00      1484.74      0.00     1.00       0.0000    0.0000
   1216.00      1484.77      0.00     1.00       0.0000    0.0000
   1219.00      1484.77      0.00     1.00       0.0000    0.0000
   1222.00      1484.76      0.00     1.00       0.0000    0.0000
   1225.00      1484.77      0.00     1.00       0.0000    0.0000
   1228.00      1484.78      0.00     1.00       0.0000    0.0000
   1231.00      1484.79      0.00     1.00       0.0000    0.0000
   1234.00      1484.81      0.00     1.00       0.0000    0.0000
   1237.00      1484.83      0.00     1.00       0.0000    0.0000
   1240.00      1484.87      0.00     1.00       0.0000    0.0000
   1243.00      1484.88      0.00     1.00       0.0000    0.0000
   1246.00      1484.91      0.00     1.00       0.0000    0.0000
   1249.00      1484.92      0.00     1.00       0.0000    0.0000
   1252.00      1484.93      0.00     1.00       0.0000    0.0000
   1255.00      1484.94      0.00     1.00       0.0000    0.0000
   1258.00      1484.98      0.00     1.00       0.0000    0.0000
   1261.00      1484.99      0.00     1.00       0.0000    0.0000
   1264.00      1484.93      0.00     1.00       0.0000    0.0000
   1267.00      1484.96      0.00     1.00       0.0000    0.0000
   1270.00      1485.00      0.00     1.00       0.0000    0.0000
   1273.00      1485.04      0.00     1.00       0.0000    0.0000
   1276.00      1485.05      0.00     1.00       0.0000    0.0000
   1279.00      1485.08      0.00     1.00       0.0000    0.0000
   1282.00      1485.09      0.00     1.00       0.0000    0.0000
   1285.00      1485.10      0.00     1.00       0.0000    0.0000
   1288.00      1485.14      0.00     1.00       0.0000    0.0000
   1291.00      1485.19      0.00     1.00       0.0000    0.0000
   1294.00      1485.10      0.00     1.00       0.0000    0.0000
   1297.00      1485.09      0.00     1.00       0.0000    0.0000
   1300.00      1485.11      0.00     1.00       0.0000    0.0000
   1303.00      1485.13      0.00     1.00       0.0000    0.0000
   1306.00      1485.13      0.00     1.00       0.0000    0.0000
   1309.00      1485.12      0.00     1.00       0.0000    0.0000
   1312.00      1485.15      0.00     1.00       0.0000    0.0000
   1315.00      1485.18      0.00     1.00       0.0000    0.0000
   1318.00      1485.21      0.00     1.00       0.0000    0.0000
   1321.00      1485.24      0.00     1.00       0.0000    0.0000
   1324.00      1485.28      0.00     1.00       0.0000    0.0000
   1327.00      1485.28      0.00     1.00       0.0000    0.0000
   1330.00      1485.30      0.00     1.00       0.0000    0.0000
   1333.00      1485.33      0.00     1.00       0.0000    0.0000
   1336.00      1485.33      0.00     1.00       0.0000    0.0000
   1339.00      1485.36      0.00     1.00       0.0000    0.0000
   1342.00      1485.40      0.00     1.00       0.0000    0.0000
   1345.00      1485.43      0.00     1.00       0.0000    0.0000
   1348.00      1485.45      0.00     1.00       0.0000    0.0000
   1351.00      1485.42      0.00     1.00       0.0000    0.0000
   1354.00      1485.44      0.00     1.00       0.0000    0.0000
   1357.00      1485.47      0.00     1.00       0.0000    0.0000
   1360.00      1485.50      0.00     1.00       0.0000    0.0000
   1363.00      1485.52      0.00     1.00       0.0000    0.0000
   1366.00      1485.55      0.00     1.00       0.0000    0.0000
   1369.00      1485.60      0.00     1.00       0.0000    0.0000
   1372.00      1485.62      0.00     1.00       0.0000    0.0000
   1375.00      1485.66      0.00     1.00       0.0000    0.0000
   1378.00      1485.68      0.00     1.00       0.0000    0.0000
   1381.00      1485.68      0.00     1.00       0.0000    0.0000
   1384.00      1485.71      0.00     1.00       0.0000    0.0000
   1387.00      1485.75      0.00     1.00       0.0000    0.0000
   1390.00      1485.78      0.00     1.00       0.0000    0.0000
   1393.00      1485.83      0.00     1.00       0.0000    0.0000
   1396.00      1485.86      0.00     1.00       0.0000    0.0000
   1399.00      1485.90      0.00     1.00       0.0000    0.0000
   1402.00      1485.94      0.00     1.00       0.0000    0.0000
   1405.00      1485.97      0.00     1.00       0.0000    0.0000
   1408.00      1486.00      0.00     1.00       0.0000    0.0000
   1411.00      1486.03      0.00     1.00       0.0000    0.0000
   1414.00      1486.00      0.00     1.00       0.0000    0.0000
   1417.00      1486.02      0.00     1.00       0.0000    0.0000
   1420.00      1486.06      0.00     1.00       0.0000    0.0000
   1423.00      1486.03      0.00     1.00       0.0000    0.0000
   1426.00      1486.04      0.00     1.00       0.0000    0.0000
   1429.00      1486.05      0.00     1.00       0.0000    0.0000
   1432.00      1486.07      0.00     1.00       0.0000    0.0000
   1435.00      1486.10      0.00     1.00       0.0000    0.0000
   1438.00      1486.11      0.00     1.00       0.0000    0.0000
   1441.00      1486.16      0.00     1.00       0.0000    0.0000
   1444.00      1486.20      0.00     1.00       0.0000    0.0000
   1447.00      1486.25      0.00     1.00       0.0000    0.0000
   1450.00      1486.29      0.00     1.00       0.0000    0.0000
   1453.00      1486.32      0.00     1.00       0.0000    0.0000
   1456.00      1486.36      0.00     1.00       0.0000    0.0000
   1459.00      1486.39      0.00     1.00       0.0000    0.0000
   1462.00      1486.42      0.00     1.00       0.0000    0.0000
   1465.00      1486.46      0.00     1.00       0.0000    0.0000
   1468.00      1486.47      0.00     1.00       0.0000    0.0000
   1471.00      1486.50      0.00     1.00       0.0000    0.0000
   1474.00      1486.55      0.00     1.00       0.0000    0.0000
   1477.00      1486.58      0.00     1.00       0.0000    0.0000
   1480.00      1486.61      0.00     1.00       0.0000    0.0000
   1483.00      1486.65      0.00     1.00       0.0000    0.0000
   1486.00      1486.70      0.00     1.00       0.0000    0.0000
   1489.00      1486.69      0.00     1.00       0.0000    0.0000
   1492.00      1486.70      0.00     1.00       0.0000    0.0000
   1495.00      1486.74      0.00     1.00       0.0000    0.0000
   1498.00      1486.78      0.00     1.00       0.0000    0.0000
   1501.00      1486.82      0.00     1.00       0.0000    0.0000
   1504.00      1486.85      0.00     1.00       0.0000    0.0000
   1507.00      1486.88      0.00     1.00       0.0000    0.0000
   1510.00      1486.90      0.00     1.00       0.0000    0.0000
   1513.00      1486.93      0.00     1.00       0.0000    0.0000
   1516.00      1486.97      0.00     1.00       0.0000    0.0000
   1519.00      1487.00      0.00     1.00       0.0000    0.0000
   1522.00      1487.04      0.00     1.00       0.0000    0.0000
   1525.00      1487.06      0.00     1.00       0.0000    0.0000
   1528.00      1487.11      0.00     1.00       0.0000    0.0000
   1531.00      1487.15      0.00     1.00       0.0000    0.0000
   1534.00      1487.18      0.00     1.00       0.0000    0.0000
   1537.00      1487.18      0.00     1.00       0.0000    0.0000
   1540.00      1487.21      0.00     1.00       0.0000    0.0000
   1543.00      1487.23      0.00     1.00       0.0000    0.0000
   1546.00      1487.27      0.00     1.00       0.0000    0.0000
   1549.00      1487.30      0.00     1.00       0.0000    0.0000
   1552.00      1487.33      0.00     1.00       0.0000    0.0000
   1555.00      1487.36      0.00     1.00       0.0000    0.0000
   1558.00      1487.41      0.00     1.00       0.0000    0.0000
   1561.00      1487.45      0.00     1.00       0.0000    0.0000
   1564.00      1487.49      0.00     1.00       0.0000    0.0000
   1567.00      1487.54      0.00     1.00       0.0000    0.0000
   1570.00      1487.55      0.00     1.00       0.0000    0.0000
   1573.00      1487.59      0.00     1.00       0.0000    0.0000
   1576.00      1487.63      0.00     1.00       0.0000    0.0000
   1579.00      1487.67      0.00     1.00       0.0000    0.0000
   1582.00      1487.71      0.00     1.00       0.0000    0.0000
   1585.00      1487.74      0.00     1.00       0.0000    0.0000
   1588.00      1487.77      0.00     1.00       0.0000    0.0000
   1591.00      1487.79      0.00     1.00       0.0000    0.0000
   1594.00      1487.84      0.00     1.00       0.0000    0.0000
   1597.00      1487.84      0.00     1.00       0.0000    0.0000
   1600.00      1487.87      0.00     1.00       0.0000    0.0000
   1603.00      1487.92      0.00     1.00       0.0000    0.0000
   1606.00      1487.97      0.00     1.00       0.0000    0.0000
   1609.00      1488.00      0.00     1.00       0.0000    0.0000
   1612.00      1488.01      0.00     1.00       0.0000    0.0000
   1615.00      1488.05      0.00     1.00       0.0000    0.0000
   1618.00      1488.05      0.00     1.00       0.0000    0.0000
   1621.00      1488.09      0.00     1.00       0.0000    0.0000
   1624.00      1488.09      0.00     1.00       0.0000    0.0000
   1627.00      1488.12      0.00     1.00       0.0000    0.0000
   1630.00      1488.16      0.00     1.00       0.0000    0.0000
   1633.00      1488.19      0.00     1.00       0.0000    0.0000
   1636.00      1488.23      0.00     1.00       0.0000    0.0000
   1639.00      1488.27      0.00     1.00       0.0000    0.0000
   1642.00      1488.32      0.00     1.00       0.0000    0.0000
   1645.00      1488.36      0.00     1.00       0.0000    0.0000
   1648.00      1488.39      0.00     1.00       0.0000    0.0000
   1651.00      1488.43      0.00     1.00       0.0000    0.0000
   1654.00      1488.48      0.00     1.00       0.0000    0.0000
   1657.00      1488.50      0.00     1.00       0.0000    0.0000
   1660.00      1488.53      0.00     1.00       0.0000    0.0000
   1663.00      1488.57      0.00     1.00       0.0000    0.0000
   1666.00      1488.61      0.00     1.00       0.0000    0.0000
   1669.00      1488.67      0.00     1.00       0.0000    0.0000
   1672.00      1488.72      0.00     1.00       0.0000    0.0000
   1675.00      1488.76      0.00     1.00       0.0000    0.0000
   1678.00      1488.81      0.00     1.00       0.0000    0.0000
   1681.00      1488.84      0.00     1.00       0.0000    0.0000
   1684.00      1488.89      0.00     1.00       0.0000    0.0000
   1687.00      1488.92      0.00     1.00       0.0000    0.0000
   1690.00      1488.95      0.00     1.00       0.0000    0.0000
   1693.00      1488.99      0.00     1.00       0.0000    0.0000
   1696.00      1489.04      0.00     1.00       0.0000    0.0000
   1699.00      1489.08      0.00     1.00       0.0000    0.0000
   1702.00      1489.08      0.00     1.00       0.0000    0.0000
   1705.00      1489.12      0.00     1.00       0.0000    0.0000
   1708.00      1489.17      0.00     1.00       0.0000    0.0000
   1711.00      1489.22      0.00     1.00       0.0000    0.0000
   1714.00      1489.26      0.00     1.00       0.0000    0.0000
   1717.00      1489.29      0.00     1.00       0.0000    0.0000
   1720.00      1489.34      0.00     1.00       0.0000    0.0000
   1723.00      1489.38      0.00     1.00       0.0000    0.0000
   1726.00      1489.43      0.00     1.00       0.0000    0.0000
   1729.00      1489.46      0.00     1.00       0.0000    0.0000
   1732.00      1489.51      0.00     1.00       0.0000    0.0000
   1735.00      1489.56      0.00     1.00       0.0000    0.0000
   1738.00      1489.61      0.00     1.00       0.0000    0.0000
   1741.00      1489.65      0.00     1.00       0.0000    0.0000
   1744.00      1489.67      0.00     1.00       0.0000    0.0000
   1747.00      1489.72      0.00     1.00       0.0000    0.0000
   1750.00      1489.77      0.00     1.00       0.0000    0.0000
   1753.00      1489.80      0.00     1.00       0.0000    0.0000
   1756.00      1489.85      0.00     1.00       0.0000    0.0000
   1759.00      1489.87      0.00     1.00       0.0000    0.0000
   1762.00      1489.91      0.00     1.00       0.0000    0.0000
   1765.00      1489.96      0.00     1.00       0.0000    0.0000
   1768.00      1490.00      0.00     1.00       0.0000    0.0000
   1771.00      1490.04      0.00     1.00       0.0000    0.0000
   1774.00      1490.09      0.00     1.00       0.0000    0.0000
   1777.00      1490.13      0.00     1.00       0.0000    0.0000
   1780.00      1490.18      0.00     1.00       0.0000    0.0000
   1783.00      1490.22      0.00     1.00       0.0000    0.0000
   1786.00      1490.26      0.00     1.00       0.0000    0.0000
   1789.00      1490.30      0.00     1.00       0.0000    0.0000
   1792.00      1490.35      0.00     1.00       0.0000    0.0000
   1795.00      1490.40      0.00     1.00       0.0000    0.0000
   1798.00      1490.43      0.00     1.00       0.0000    0.0000
   1801.00      1490.48      0.00     1.00       0.0000    0.0000
   1804.00      1490.52      0.00     1.00       0.0000    0.0000
   1807.00      1490.55      0.00     1.00       0.0000    0.0000
   1810.00      1490.60      0.00     1.00       0.0000    0.0000
   1813.00      1490.62      0.00     1.00       0.0000    0.0000
   1816.00      1490.65      0.00     1.00       0.0000    0.0000
   1819.00      1490.67      0.00     1.00       0.0000    0.0000
   1822.00      1490.71      0.00     1.00       0.0000    0.0000
   1825.00      1490.76      0.00     1.00       0.0000    0.0000
   1828.00      1490.81      0.00     1.00       0.0000    0.0000
   1831.00      1490.84      0.00     1.00       0.0000    0.0000
   1834.00      1490.87      0.00     1.00       0.0000    0.0000
   1837.00      1490.91      0.00     1.00       0.0000    0.0000
   1840.00      1490.95      0.00     1.00       0.0000    0.0000
   1843.00      1490.99      0.00     1.00       0.0000    0.0000
   1846.00      1491.02      0.00     1.00       0.0000    0.0000
   1849.00      1491.06      0.00     1.00       0.0000    0.0000
   1852.00      1491.10      0.00     1.00       0.0000    0.0000
   1855.00      1491.14      0.00     1.00       0.0000    0.0000
   1858.00      1491.18      0.00     1.00       0.0000    0.0000
   1861.00      1491.23      0.00     1.00       0.0000    0.0000
   1864.00      1491.26      0.00     1.00       0.0000    0.0000
   1867.00      1491.29      0.00     1.00       0.0000    0.0000
   1870.00      1491.34      0.00     1.00       0.0000    0.0000
   1873.00      1491.36      0.00     1.00       0.0000    0.0000
   1876.00      1491.39      0.00     1.00       0.0000    0.0000
   1879.00      1491.43      0.00     1.00       0.0000    0.0000
   1882.00      1491.47      0.00     1.00       0.0000    0.0000
   1885.00      1491.51      0.00     1.00       0.0000    0.0000
   1888.00      1491.55      0.00     1.00       0.0000    0.0000
   1891.00      1491.59      0.00     1.00       0.0000    0.0000
   1894.00      1491.64      0.00     1.00       0.0000    0.0000
   1897.00      1491.69      0.00     1.00       0.0000    0.0000
   1900.00      1491.73      0.00     1.00       0.0000    0.0000
   1903.00      1491.77      0.00     1.00       0.0000    0.0000
   1906.00      1491.82      0.00     1.00       0.0000    0.0000
   1909.00      1491.87      0.00     1.00       0.0000    0.0000
   1912.00      1491.92      0.00     1.00       0.0000    0.0000
   1915.00      1491.96      0.00     1.00       0.0000    0.0000
   1918.00      1491.99      0.00     1.00       0.0000    0.0000
   1921.00      1492.04      0.00     1.00       0.0000    0.0000
   1924.00      1492.09      0.00     1.00       0.0000    0.0000
   1927.00      1492.14      0.00     1.00       0.0000    0.0000
   1930.00      1492.18      0.00     1.00       0.0000    0.0000
   1933.00      1492.23      0.00     1.00       0.0000    0.0000
   1936.00      1492.28      0.00     1.00       0.0000    0.0000
   1939.00      1492.33      0.00     1.00       0.0000    0.0000
   1942.00      1492.37      0.00     1.00       0.0000    0.0000
   1945.00      1492.42      0.00     1.00       0.0000    0.0000
   1948.00      1492.47      0.00     1.00       0.0000    0.0000
   1951.00      1492.51      0.00     1.00       0.0000    0.0000
   1954.00      1492.56      0.00     1.00       0.0000    0.0000
   1957.00      1492.60      0.00     1.00       0.0000    0.0000
   1960.00      1492.64      0.00     1.00       0.0000    0.0000
   1963.00      1492.69      0.00     1.00       0.0000    0.0000
   1966.00      1492.74      0.00     1.00       0.0000    0.0000
   1969.00      1492.79      0.00     1.00       0.0000    0.0000
   1972.00      1492.84      0.00     1.00       0.0000    0.0000
   1975.00      1492.89      0.00     1.00       0.0000    0.0000
   1978.00      1492.93      0.00     1.00       0.0000    0.0000
   1981.00      1492.98      0.00     1.00       0.0000    0.0000
   1984.00      1493.02      0.00     1.00       0.0000    0.0000
   1987.00      1493.07      0.00     1.00       0.0000    0.0000
   1990.00      1493.11      0.00     1.00       0.0000    0.0000
   1993.00      1493.15      0.00     1.00       0.0000    0.0000
   1996.00      1493.20      0.00     1.00       0.0000    0.0000
   1999.00      1493.25      0.00     1.00       0.0000    0.0000
   2002.00      1493.30      0.00     1.00       0.0000    0.0000
   2005.00      1493.35      0.00     1.00       0.0000    0.0000
   2008.00      1493.40      0.00     1.00       0.0000    0.0000
   2011.00      1493.45      0.00     1.00       0.0000    0.0000
   2014.00      1493.49      0.00     1.00       0.0000    0.0000
   2017.00      1493.54      0.00     1.00       0.0000    0.0000
   2020.00      1493.58      0.00     1.00       0.0000    0.0000
   2023.00      1493.63      0.00     1.00       0.0000    0.0000
   2026.00      1493.67      0.00     1.00       0.0000    0.0000
   2029.00      1493.71      0.00     1.00       0.0000    0.0000
   2032.00      1493.75      0.00     1.00       0.0000    0.0000
   2035.00      1493.79      0.00     1.00       0.0000    0.0000
   2038.00      1493.84      0.00     1.00       0.0000    0.0000
   2041.00      1493.89      0.00     1.00       0.0000    0.0000
   2044.00      1493.93      0.00     1.00       0.0000    0.0000
   2047.00      1493.97      0.00     1.00       0.0000    0.0000
   2050.00      1494.03      0.00     1.00       0.0000    0.0000
   2053.00      1494.08      0.00     1.00       0.0000    0.0000
   2056.00      1494.13      0.00     1.00       0.0000    0.0000
   2059.00      1494.17      0.00     1.00       0.0000    0.0000
   2062.00      1494.21      0.00     1.00       0.0000    0.0000
   2065.00      1494.26      0.00     1.00       0.0000    0.0000
   2068.00      1494.30      0.00     1.00       0.0000    0.0000
   2071.00      1494.35      0.00     1.00       0.0000    0.0000
   2074.00      1494.39      0.00     1.00       0.0000    0.0000
   2077.00      1494.44      0.00     1.00       0.0000    0.0000
   2080.00      1494.49      0.00     1.00       0.0000    0.0000
   2083.00      1494.52      0.00     1.00       0.0000    0.0000
   2086.00      1494.57      0.00     1.00       0.0000    0.0000
   2089.00      1494.62      0.00     1.00       0.0000    0.0000
   2092.00      1494.66      0.00     1.00       0.0000    0.0000
   2095.00      1494.71      0.00     1.00       0.0000    0.0000
   2098.00      1494.76      0.00     1.00       0.0000    0.0000
   2101.00      1494.81      0.00     1.00       0.0000    0.0000
   2104.00      1494.83      0.00     1.00       0.0000    0.0000
   2107.00      1494.88      0.00     1.00       0.0000    0.0000
   2110.00      1494.93      0.00     1.00       0.0000    0.0000
   2113.00      1494.98      0.00     1.00       0.0000    0.0000
   2116.00      1495.02      0.00     1.00       0.0000    0.0000
   2119.00      1495.07      0.00     1.00       0.0000    0.0000
   2122.00      1495.12      0.00     1.00       0.0000    0.0000
   2125.00      1495.17      0.00     1.00       0.0000    0.0000
   2128.00      1495.20      0.00     1.00       0.0000    0.0000
   2131.00      1495.25      0.00     1.00       0.0000    0.0000
   2134.00      1495.31      0.00     1.00       0.0000    0.0000
   2137.00      1495.35      0.00     1.00       0.0000    0.0000
   2140.00      1495.39      0.00     1.00       0.0000    0.0000
   2143.00      1495.43      0.00     1.00       0.0000    0.0000
   2146.00      1495.47      0.00     1.00       0.0000    0.0000
   2149.00      1495.52      0.00     1.00       0.0000    0.0000
   2152.00      1495.58      0.00     1.00       0.0000    0.0000
   2155.00      1495.62      0.00     1.00       0.0000    0.0000
   2158.00      1495.67      0.00     1.00       0.0000    0.0000
   2161.00      1495.72      0.00     1.00       0.0000    0.0000
   2164.00      1495.76      0.00     1.00       0.0000    0.0000
   2167.00      1495.81      0.00     1.00       0.0000    0.0000
   2170.00      1495.86      0.00     1.00       0.0000    0.0000
   2173.00      1495.91      0.00     1.00       0.0000    0.0000
   2176.00      1495.96      0.00     1.00       0.0000    0.0000
   2179.00      1496.00      0.00     1.00       0.0000    0.0000
   2182.00      1496.05      0.00     1.00       0.0000    0.0000
   2185.00      1496.10      0.00     1.00       0.0000    0.0000
   2188.00      1496.15      0.00     1.00       0.0000    0.0000
   2191.00      1496.19      0.00     1.00       0.0000    0.0000
   2194.00      1496.24      0.00     1.00       0.0000    0.0000
   2197.00      1496.29      0.00     1.00       0.0000    0.0000
   2200.00      1496.34      0.00     1.00       0.0000    0.0000
   2203.00      1496.38      0.00     1.00       0.0000    0.0000
   2206.00      1496.42      0.00     1.00       0.0000    0.0000
   2209.00      1496.47      0.00     1.00       0.0000    0.0000
   2212.00      1496.51      0.00     1.00       0.0000    0.0000
   2215.00      1496.55      0.00     1.00       0.0000    0.0000
   2218.00      1496.59      0.00     1.00       0.0000    0.0000
   2221.00      1496.64      0.00     1.00       0.0000    0.0000
   2224.00      1496.69      0.00     1.00       0.0000    0.0000
   2227.00      1496.74      0.00     1.00       0.0000    0.0000
   2230.00      1496.79      0.00     1.00       0.0000    0.0000
   2233.00      1496.84      0.00     1.00       0.0000    0.0000
   2236.00      1496.89      0.00     1.00       0.0000    0.0000
   2239.00      1496.94      0.00     1.00       0.0000    0.0000
   2242.00      1496.98      0.00     1.00       0.0000    0.0000
   2245.00      1497.03      0.00     1.00       0.0000    0.0000
   2248.00      1497.08      0.00     1.00       0.0000    0.0000
   2251.00      1497.12      0.00     1.00       0.0000    0.0000
   2254.00      1497.18      0.00     1.00       0.0000    0.0000
   2257.00      1497.23      0.00     1.00       0.0000    0.0000
   2260.00      1497.27      0.00     1.00       0.0000    0.0000
   2263.00      1497.31      0.00     1.00       0.0000    0.0000
   2266.00      1497.36      0.00     1.00       0.0000    0.0000
   2269.00      1497.40      0.00     1.00       0.0000    0.0000
   2272.00      1497.44      0.00     1.00       0.0000    0.0000
   2275.00      1497.48      0.00     1.00       0.0000    0.0000
   2278.00      1497.53      0.00     1.00       0.0000    0.0000
   2281.00      1497.58      0.00     1.00       0.0000    0.0000
   2284.00      1497.63      0.00     1.00       0.0000    0.0000
   2287.00      1497.67      0.00     1.00       0.0000    0.0000
   2290.00      1497.72      0.00     1.00       0.0000    0.0000
   2293.00      1497.76      0.00     1.00       0.0000    0.0000
   2296.00      1497.81      0.00     1.00       0.0000    0.0000
   2299.00      1497.85      0.00     1.00       0.0000    0.0000
   2302.00      1497.90      0.00     1.00       0.0000    0.0000
   2305.00      1497.96      0.00     1.00       0.0000    0.0000
   2308.00      1498.01      0.00     1.00       0.0000    0.0000
   2311.00      1498.06      0.00     1.00       0.0000    0.0000
   2314.00      1498.10      0.00     1.00       0.0000    0.0000
   2317.00      1498.15      0.00     1.00       0.0000    0.0000
   2320.00      1498.20      0.00     1.00       0.0000    0.0000
   2323.00      1498.26      0.00     1.00       0.0000    0.0000
   2326.00      1498.31      0.00     1.00       0.0000    0.0000
   2329.00      1498.36      0.00     1.00       0.0000    0.0000
   2332.00      1498.41      0.00     1.00       0.0000    0.0000
   2335.00      1498.46      0.00     1.00       0.0000    0.0000
   2338.00      1498.51      0.00     1.00       0.0000    0.0000
   2341.00      1498.55      0.00     1.00       0.0000    0.0000
   2344.00      1498.60      0.00     1.00       0.0000    0.0000
   2347.00      1498.66      0.00     1.00       0.0000    0.0000
   2350.00      1498.71      0.00     1.00       0.0000    0.0000
   2353.00      1498.76      0.00     1.00       0.0000    0.0000
   2356.00      1498.81      0.00     1.00       0.0000    0.0000
   2359.00      1498.86      0.00     1.00       0.0000    0.0000
   2362.00      1498.91      0.00     1.00       0.0000    0.0000
   2365.00      1498.96      0.00     1.00       0.0000    0.0000
   2368.00      1499.00      0.00     1.00       0.0000    0.0000
   2371.00      1499.05      0.00     1.00       0.0000    0.0000
   2374.00      1499.10      0.00     1.00       0.0000    0.0000
   2377.00      1499.15      0.00     1.00       0.0000    0.0000
   2380.00      1499.19      0.00     1.00       0.0000    0.0000
   2383.00      1499.24      0.00     1.00       0.0000    0.0000
   2386.00      1499.29      0.00     1.00       0.0000    0.0000
   2389.00      1499.34      0.00     1.00       0.0000    0.0000
   2392.00      1499.39      0.00     1.00       0.0000    0.0000
   2395.00      1499.44      0.00     1.00       0.0000    0.0000
   2398.00      1499.48      0.00     1.00       0.0000    0.0000
   2401.00      1499.53      0.00     1.00       0.0000    0.0000
   2404.00      1499.57      0.00     1.00       0.0000    0.0000
   2407.00      1499.62      0.00     1.00       0.0000    0.0000
   2410.00      1499.67      0.00     1.00       0.0000    0.0000
   2413.00      1499.72      0.00     1.00       0.0000    0.0000
   2416.00      1499.77      0.00     1.00       0.0000    0.0000
   2419.00      1499.82      0.00     1.00       0.0000    0.0000
   2422.00      1499.87      0.00     1.00       0.0000    0.0000
   2425.00      1499.91      0.00     1.00       0.0000    0.0000
   2428.00      1499.96      0.00     1.00       0.0000    0.0000
   2431.00      1500.01      0.00     1.00       0.0000    0.0000
   2434.00      1500.05      0.00     1.00       0.0000    0.0000
   2437.00      1500.10      0.00     1.00       0.0000    0.0000
   2440.00      1500.15      0.00     1.00       0.0000    0.0000
   2443.00      1500.20      0.00     1.00       0.0000    0.0000
   2446.00      1500.26      0.00     1.00       0.0000    0.0000
   2449.00      1500.30      0.00     1.00       0.0000    0.0000
   2452.00      1500.35      0.00     1.00       0.0000    0.0000
   2455.00      1500.41      0.00     1.00       0.0000    0.0000
   2458.00      1500.46      0.00     1.00       0.0000    0.0000
   2461.00      1500.51      0.00     1.00       0.0000    0.0000
   2464.00      1500.56      0.00     1.00       0.0000    0.0000
   2467.00      1500.60      0.00     1.00       0.0000    0.0000
   2470.00      1500.65      0.00     1.00       0.0000    0.0000
   2473.00      1500.70      0.00     1.00       0.0000    0.0000
   2476.00      1500.75      0.00     1.00       0.0000    0.0000
   2479.00      1500.80      0.00     1.00       0.0000    0.0000
   2482.00      1500.85      0.00     1.00       0.0000    0.0000
   2485.00      1500.89      0.00     1.00       0.0000    0.0000
   2488.00      1500.94      0.00     1.00       0.0000    0.0000
   2491.00      1500.99      0.00     1.00       0.0000    0.0000
   2494.00      1501.04      0.00     1.00       0.0000    0.0000
   2497.00      1501.09      0.00     1.00       0.0000    0.0000
   2500.00      1501.14      0.00     1.00       0.0000    0.0000
   2503.00      1501.19      0.00     1.00       0.0000    0.0000
   2506.00      1501.24      0.00     1.00       0.0000    0.0000
   2509.00      1501.29      0.00     1.00       0.0000    0.0000
   2512.00      1501.34      0.00     1.00       0.0000    0.0000
   2515.00      1501.39      0.00     1.00       0.0000    0.0000
   2518.00      1501.44      0.00     1.00       0.0000    0.0000
   2521.00      1501.50      0.00     1.00       0.0000    0.0000
   2524.00      1501.54      0.00     1.00       0.0000    0.0000
   2527.00      1501.59      0.00     1.00       0.0000    0.0000
   2530.00      1501.64      0.00     1.00       0.0000    0.0000
   2533.00      1501.69      0.00     1.00       0.0000    0.0000
   2536.00      1501.74      0.00     1.00       0.0000    0.0000
   2539.00      1501.79      0.00     1.00       0.0000    0.0000
   2542.00      1501.84      0.00     1.00       0.0000    0.0000
   2545.00      1501.89      0.00     1.00       0.0000    0.0000
   2548.00      1501.95      0.00     1.00       0.0000    0.0000
   2551.00      1502.00      0.00     1.00       0.0000    0.0000
   2554.00      1502.04      0.00     1.00       0.0000    0.0000
   2557.00      1502.09      0.00     1.00       0.0000    0.0000
   2560.00      1502.14      0.00     1.00       0.0000    0.0000
   2563.00      1502.19      0.00     1.00       0.0000    0.0000
   2566.00      1502.25      0.00     1.00       0.0000    0.0000
   2569.00      1502.30      0.00     1.00       0.0000    0.0000
   2572.00      1502.35      0.00     1.00       0.0000    0.0000
   2575.00      1502.40      0.00     1.00       0.0000    0.0000
   2578.00      1502.45      0.00     1.00       0.0000    0.0000
   2581.00      1502.50      0.00     1.00       0.0000    0.0000
   2584.00      1502.55      0.00     1.00       0.0000    0.0000
   2587.00      1502.60      0.00     1.00       0.0000    0.0000
   2590.00      1502.65      0.00     1.00       0.0000    0.0000
   2593.00      1502.70      0.00     1.00       0.0000    0.0000
   2596.00      1502.75      0.00     1.00       0.0000    0.0000
   2599.00      1502.80      0.00     1.00       0.0000    0.0000
   2602.00      1502.85      0.00     1.00       0.0000    0.0000
   2605.00      1502.90      0.00     1.00       0.0000    0.0000
   2608.00      1502.95      0.00     1.00       0.0000    0.0000
   2611.00      1503.00      0.00     1.00       0.0000    0.0000
   2614.00      1503.05      0.00     1.00       0.0000    0.0000
   2617.00      1503.10      0.00     1.00       0.0000    0.0000
   2620.00      1503.15      0.00     1.00       0.0000    0.0000
   2623.00      1503.19      0.00     1.00       0.0000    0.0000
   2626.00      1503.24      0.00     1.00       0.0000    0.0000
   2629.00      1503.29      0.00     1.00       0.0000    0.0000
   2632.00      1503.34      0.00     1.00       0.0000    0.0000
   2635.00      1503.39      0.00     1.00       0.0000    0.0000
   2638.00      1503.44      0.00     1.00       0.0000    0.0000
   2641.00      1503.49      0.00     1.00       0.0000    0.0000
   2644.00      1503.54      0.00     1.00       0.0000    0.0000
   2647.00      1503.59      0.00     1.00       0.0000    0.0000
   2650.00      1503.64      0.00     1.00       0.0000    0.0000
   2653.00      1503.69      0.00     1.00       0.0000    0.0000
   2656.00      1503.74      0.00     1.00       0.0000    0.0000
   2659.00      1503.79      0.00     1.00       0.0000    0.0000
   2662.00      1503.84      0.00     1.00       0.0000    0.0000
   2665.00      1503.89      0.00     1.00       0.0000    0.0000
   2668.00      1503.95      0.00     1.00       0.0000    0.0000
   2671.00      1504.00      0.00     1.00       0.0000    0.0000
   2674.00      1504.05      0.00     1.00       0.0000    0.0000
   2677.00      1504.10      0.00     1.00       0.0000    0.0000
   2680.00      1504.16      0.00     1.00       0.0000    0.0000
   2683.00      1504.21      0.00     1.00       0.0000    0.0000
   2686.00      1504.25      0.00     1.00       0.0000    0.0000
   2689.00      1504.31      0.00     1.00       0.0000    0.0000
   2692.00      1504.35      0.00     1.00       0.0000    0.0000
   2695.00      1504.39      0.00     1.00       0.0000    0.0000
   2698.00      1504.45      0.00     1.00       0.0000    0.0000
   2701.00      1504.50      0.00     1.00       0.0000    0.0000
   2704.00      1504.55      0.00     1.00       0.0000    0.0000
   2707.00      1504.60      0.00     1.00       0.0000    0.0000
   2710.00      1504.64      0.00     1.00       0.0000    0.0000
   2713.00      1504.69      0.00     1.00       0.0000    0.0000
   2716.00      1504.75      0.00     1.00       0.0000    0.0000
   2719.00      1504.79      0.00     1.00       0.0000    0.0000
   2722.00      1504.84      0.00     1.00       0.0000    0.0000
   2725.00      1504.90      0.00     1.00       0.0000    0.0000
   2728.00      1504.95      0.00     1.00       0.0000    0.0000
   2731.00      1505.00      0.00     1.00       0.0000    0.0000
   2734.00      1505.05      0.00     1.00       0.0000    0.0000
   2737.00      1505.10      0.00     1.00       0.0000    0.0000
   2740.00      1505.15      0.00     1.00       0.0000    0.0000
   2743.00      1505.20      0.00     1.00       0.0000    0.0000
   2746.00      1505.26      0.00     1.00       0.0000    0.0000
   2749.00      1505.31      0.00     1.00       0.0000    0.0000
   2752.00      1505.36      0.00     1.00       0.0000    0.0000
   2755.00      1505.41      0.00     1.00       0.0000    0.0000
   2758.00      1505.46      0.00     1.00       0.0000    0.0000
   2761.00      1505.51      0.00     1.00       0.0000    0.0000
   2764.00      1505.57      0.00     1.00       0.0000    0.0000
   2767.00      1505.61      0.00     1.00       0.0000    0.0000
   2770.00      1505.66      0.00     1.00       0.0000    0.0000
   2773.00      1505.72      0.00     1.00       0.0000    0.0000
   2776.00      1505.77      0.00     1.00       0.0000    0.0000
   2779.00      1505.82      0.00     1.00       0.0000    0.0000
   2782.00      1505.87      0.00     1.00       0.0000    0.0000
   2785.00      1505.92      0.00     1.00       0.0000    0.0000
   2788.00      1505.97      0.00     1.00       0.0000    0.0000
   2791.00      1506.02      0.00     1.00       0.0000    0.0000
   2794.00      1506.08      0.00     1.00       0.0000    0.0000
   2797.00      1506.13      0.00     1.00       0.0000    0.0000
   2800.00      1506.18      0.00     1.00       0.0000    0.0000
   2803.00      1506.23      0.00     1.00       0.0000    0.0000
   2806.00      1506.28      0.00     1.00       0.0000    0.0000
   2809.00      1506.34      0.00     1.00       0.0000    0.0000
   2812.00      1506.39      0.00     1.00       0.0000    0.0000
   2815.00      1506.44      0.00     1.00       0.0000    0.0000
   2818.00      1506.49      0.00     1.00       0.0000    0.0000
   2821.00      1506.55      0.00     1.00       0.0000    0.0000
   2824.00      1506.60      0.00     1.00       0.0000    0.0000
   2827.00      1506.65      0.00     1.00       0.0000    0.0000
   2830.00      1506.70      0.00     1.00       0.0000    0.0000
   2833.00      1506.75      0.00     1.00       0.0000    0.0000
   2836.00      1506.81      0.00     1.00       0.0000    0.0000
   2839.00      1506.86      0.00     1.00       0.0000    0.0000
   2842.00      1506.91      0.00     1.00       0.0000    0.0000
   2845.00      1506.96      0.00     1.00       0.0000    0.0000
   2848.00      1507.01      0.00     1.00       0.0000    0.0000
   2851.00      1507.06      0.00     1.00       0.0000    0.0000
   2854.00      1507.11      0.00     1.00       0.0000    0.0000
   2857.00      1507.17      0.00     1.00       0.0000    0.0000
   2860.00      1507.22      0.00     1.00       0.0000    0.0000
   2863.00      1507.27      0.00     1.00       0.0000    0.0000
   2866.00      1507.32      0.00     1.00       0.0000    0.0000
   2869.00      1507.37      0.00     1.00       0.0000    0.0000
   2872.00      1507.42      0.00     1.00       0.0000    0.0000
   2875.00      1507.47      0.00     1.00       0.0000    0.0000
   2878.00      1507.52      0.00     1.00       0.0000    0.0000
   2881.00      1507.57      0.00     1.00       0.0000    0.0000
   2884.00      1507.63      0.00     1.00       0.0000    0.0000
   2887.00      1507.68      0.00     1.00       0.0000    0.0000
   2890.00      1507.73      0.00     1.00       0.0000    0.0000
   2893.00      1507.78      0.00     1.00       0.0000    0.0000
   2896.00      1507.83      0.00     1.00       0.0000    0.0000
   2899.00      1507.88      0.00     1.00       0.0000    0.0000
   2902.00      1507.93      0.00     1.00       0.0000    0.0000
   2905.00      1507.98      0.00     1.00       0.0000    0.0000
   2908.00      1508.03      0.00     1.00       0.0000    0.0000
   2911.00      1508.09      0.00     1.00       0.0000    0.0000
   2914.00      1508.14      0.00     1.00       0.0000    0.0000
   2917.00      1508.19      0.00     1.00       0.0000    0.0000
   2920.00      1508.24      0.00     1.00       0.0000    0.0000
   2923.00      1508.29      0.00     1.00       0.0000    0.0000
   2926.00      1508.35      0.00     1.00       0.0000    0.0000
   2929.00      1508.40      0.00     1.00       0.0000    0.0000
   2932.00      1508.45      0.00     1.00       0.0000    0.0000
   2935.00      1508.50      0.00     1.00       0.0000    0.0000
   2938.00      1508.55      0.00     1.00       0.0000    0.0000
   2941.00      1508.60      0.00     1.00       0.0000    0.0000
   2944.00      1508.65      0.00     1.00       0.0000    0.0000
   2947.00      1508.70      0.00     1.00       0.0000    0.0000
   2950.00      1508.75      0.00     1.00       0.0000    0.0000
   2953.00      1508.81      0.00     1.00       0.0000    0.0000
   2956.00      1508.86      0.00     1.00       0.0000    0.0000
   2959.00      1508.91      0.00     1.00       0.0000    0.0000
   2962.00      1508.96      0.00     1.00       0.0000    0.0000
   2965.00      1509.01      0.00     1.00       0.0000    0.0000
   2968.00      1509.06      0.00     1.00       0.0000    0.0000
   2971.00      1509.12      0.00     1.00       0.0000    0.0000
   2974.00      1509.17      0.00     1.00       0.0000    0.0000
   2977.00      1509.22      0.00     1.00       0.0000    0.0000
   2980.00      1509.27      0.00     1.00       0.0000    0.0000
   2983.00      1509.32      0.00     1.00       0.0000    0.0000
   2986.00      1509.37      0.00     1.00       0.0000    0.0000
   2989.00      1509.42      0.00     1.00       0.0000    0.0000
   2992.00      1509.48      0.00     1.00       0.0000    0.0000
   2995.00      1509.53      0.00     1.00       0.0000    0.0000
   2998.00      1509.58      0.00     1.00       0.0000    0.0000
   3001.00      1509.63      0.00     1.00       0.0000    0.0000
   3004.00      1509.68      0.00     1.00       0.0000    0.0000
   3007.00      1509.74      0.00     1.00       0.0000    0.0000
   3010.00      1509.78      0.00     1.00       0.0000    0.0000
   3013.00      1509.84      0.00     1.00       0.0000    0.0000
   3016.00      1509.89      0.00     1.00       0.0000    0.0000
   3019.00      1509.94      0.00     1.00       0.0000    0.0000
   3022.00      1509.99      0.00     1.00       0.0000    0.0000
   3025.00      1510.04      0.00     1.00       0.0000    0.0000
   3028.00      1510.10      0.00     1.00       0.0000    0.0000
   3031.00      1510.15      0.00     1.00       0.0000    0.0000
   3034.00      1510.20      0.00     1.00       0.0000    0.0000
   3037.00      1510.25      0.00     1.00       0.0000    0.0000
   3040.00      1510.30      0.00     1.00       0.0000    0.0000
   3043.00      1510.35      0.00     1.00       0.0000    0.0000
   3046.00      1510.41      0.00     1.00       0.0000    0.0000
   3049.00      1510.46      0.00     1.00       0.0000    0.0000
   3052.00      1510.51      0.00     1.00       0.0000    0.0000
   3055.00      1510.56      0.00     1.00       0.0000    0.0000
   3058.00      1510.61      0.00     1.00       0.0000    0.0000
   3061.00      1510.66      0.00     1.00       0.0000    0.0000
   3064.00      1510.72      0.00     1.00       0.0000    0.0000
   3067.00      1510.77      0.00     1.00       0.0000    0.0000
   3070.00      1510.82      0.00     1.00       0.0000    0.0000
   3073.00      1510.87      0.00     1.00       0.0000    0.0000
   3076.00      1510.92      0.00     1.00       0.0000    0.0000
   3079.00      1510.97      0.00     1.00       0.0000    0.0000
   3082.00      1511.02      0.00     1.00       0.0000    0.0000
   3085.00      1511.07      0.00     1.00       0.0000    0.0000
   3088.00      1511.13      0.00     1.00       0.0000    0.0000
   3091.00      1511.18      0.00     1.00       0.0000    0.0000
   3094.00      1511.23      0.00     1.00       0.0000    0.0000
   3097.00      1511.28      0.00     1.00       0.0000    0.0000
   3100.00      1511.33      0.00     1.00       0.0000    0.0000
   3103.00      1511.38      0.00     1.00       0.0000    0.0000
   3106.00      1511.43      0.00     1.00       0.0000    0.0000
   3109.00      1511.49      0.00     1.00       0.0000    0.0000
   3112.00      1511.53      0.00     1.00       0.0000    0.0000
   3115.00      1511.59      0.00     1.00       0.0000    0.0000
   3118.00      1511.64      0.00     1.00       0.0000    0.0000
   3121.00      1511.69      0.00     1.00       0.0000    0.0000
   3124.00      1511.74      0.00     1.00       0.0000    0.0000
   3127.00      1511.79      0.00     1.00       0.0000    0.0000
   3130.00      1511.85      0.00     1.00       0.0000    0.0000
   3133.00      1511.90      0.00     1.00       0.0000    0.0000
   3136.00      1511.95      0.00     1.00       0.0000    0.0000
   3139.00      1512.00      0.00     1.00       0.0000    0.0000
   3142.00      1512.05      0.00     1.00       0.0000    0.0000
   3145.00      1512.10      0.00     1.00       0.0000    0.0000
   3148.00      1512.16      0.00     1.00       0.0000    0.0000
   3151.00      1512.21      0.00     1.00       0.0000    0.0000
   3154.00      1512.26      0.00     1.00       0.0000    0.0000
   3157.00      1512.31      0.00     1.00       0.0000    0.0000
   3160.00      1512.36      0.00     1.00       0.0000    0.0000
   3163.00      1512.42      0.00     1.00       0.0000    0.0000
   3166.00      1512.47      0.00     1.00       0.0000    0.0000
   3169.00      1512.52      0.00     1.00       0.0000    0.0000
   3172.00      1512.57      0.00     1.00       0.0000    0.0000
   3175.00      1512.62      0.00     1.00       0.0000    0.0000
   3178.00      1512.68      0.00     1.00       0.0000    0.0000
   3181.00      1512.73      0.00     1.00       0.0000    0.0000
   3184.00      1512.78      0.00     1.00       0.0000    0.0000
   3187.00      1512.84      0.00     1.00       0.0000    0.0000
   3190.00      1512.88      0.00     1.00       0.0000    0.0000
   3193.00      1512.93      0.00     1.00       0.0000    0.0000
   3196.00      1512.99      0.00     1.00       0.0000    0.0000
   3199.00      1513.04      0.00     1.00       0.0000    0.0000
   3202.00      1513.09      0.00     1.00       0.0000    0.0000
   3205.00      1513.14      0.00     1.00       0.0000    0.0000
   3208.00      1513.19      0.00     1.00       0.0000    0.0000
   3211.00      1513.25      0.00     1.00       0.0000    0.0000
   3214.00      1513.30      0.00     1.00       0.0000    0.0000
   3217.00      1513.35      0.00     1.00       0.0000    0.0000
   3220.00      1513.40      0.00     1.00       0.0000    0.0000
   3223.00      1513.45      0.00     1.00       0.0000    0.0000
   3226.00      1513.51      0.00     1.00       0.0000    0.0000
   3229.00      1513.56      0.00     1.00       0.0000    0.0000
   3232.00      1513.61      0.00     1.00       0.0000    0.0000
   3235.00      1513.66      0.00     1.00       0.0000    0.0000
   3238.00      1513.71      0.00     1.00       0.0000    0.0000
   3241.00      1513.76      0.00     1.00       0.0000    0.0000
   3244.00      1513.82      0.00     1.00       0.0000    0.0000
   3247.00      1513.87      0.00     1.00       0.0000    0.0000
   3250.00      1513.92      0.00     1.00       0.0000    0.0000
   3253.00      1513.97      0.00     1.00       0.0000    0.0000
   3256.00      1514.03      0.00     1.00       0.0000    0.0000
   3259.00      1514.08      0.00     1.00       0.0000    0.0000
   3262.00      1514.13      0.00     1.00       0.0000    0.0000
   3265.00      1514.18      0.00     1.00       0.0000    0.0000
   3268.00      1514.23      0.00     1.00       0.0000    0.0000
   3271.00      1514.29      0.00     1.00       0.0000    0.0000
   3274.00      1514.34      0.00     1.00       0.0000    0.0000
   3277.00      1514.39      0.00     1.00       0.0000    0.0000
   3280.00      1514.44      0.00     1.00       0.0000    0.0000
   3283.00      1514.49      0.00     1.00       0.0000    0.0000
   3286.00      1514.55      0.00     1.00       0.0000    0.0000
   3289.00      1514.60      0.00     1.00       0.0000    0.0000
   3292.00      1514.65      0.00     1.00       0.0000    0.0000
   3295.00      1514.70      0.00     1.00       0.0000    0.0000
   3298.00      1514.75      0.00     1.00       0.0000    0.0000
   3301.00      1514.81      0.00     1.00       0.0000    0.0000
   3304.00      1514.86      0.00     1.00       0.0000    0.0000
   3307.00      1514.91      0.00     1.00       0.0000    0.0000
   3310.00      1514.96      0.00     1.00       0.0000    0.0000
   3313.00      1515.02      0.00     1.00       0.0000    0.0000
   3316.00      1515.07      0.00     1.00       0.0000    0.0000
   3319.00      1515.12      0.00     1.00       0.0000    0.0000
   3322.00      1515.17      0.00     1.00       0.0000    0.0000
   3325.00      1515.22      0.00     1.00       0.0000    0.0000
   3328.00      1515.28      0.00     1.00       0.0000    0.0000
   3331.00      1515.33      0.00     1.00       0.0000    0.0000
   3334.00      1515.38      0.00     1.00       0.0000    0.0000
   3337.00      1515.43      0.00     1.00       0.0000    0.0000
   3340.00      1515.49      0.00     1.00       0.0000    0.0000
   3343.00      1515.54      0.00     1.00       0.0000    0.0000
   3346.00      1515.59      0.00     1.00       0.0000    0.0000
   3349.00      1515.64      0.00     1.00       0.0000    0.0000
   3352.00      1515.69      0.00     1.00       0.0000    0.0000
   3355.00      1515.75      0.00     1.00       0.0000    0.0000
   3358.00      1515.80      0.00     1.00       0.0000    0.0000
   3361.00      1515.85      0.00     1.00       0.0000    0.0000
   3364.00      1515.90      0.00     1.00       0.0000    0.0000
   3367.00      1515.96      0.00     1.00       0.0000    0.0000
   3370.00      1516.01      0.00     1.00       0.0000    0.0000
   3373.00      1516.06      0.00     1.00       0.0000    0.0000
   3376.00      1516.12      0.00     1.00       0.0000    0.0000
   3379.00      1516.17      0.00     1.00       0.0000    0.0000
   3382.00      1516.22      0.00     1.00       0.0000    0.0000
   3385.00      1516.27      0.00     1.00       0.0000    0.0000
   3388.00      1516.33      0.00     1.00       0.0000    0.0000
   3391.00      1516.38      0.00     1.00       0.0000    0.0000
   3394.00      1516.43      0.00     1.00       0.0000    0.0000
   3397.00      1516.48      0.00     1.00       0.0000    0.0000
   3400.00      1516.54      0.00     1.00       0.0000    0.0000
   3403.00      1516.59      0.00     1.00       0.0000    0.0000
   3406.00      1516.64      0.00     1.00       0.0000    0.0000
   3409.00      1516.69      0.00     1.00       0.0000    0.0000
   3412.00      1516.75      0.00     1.00       0.0000    0.0000
   3415.00      1516.81      0.00     1.00       0.0000    0.0000
   3418.00      1516.85      0.00     1.00       0.0000    0.0000
   3421.00      1516.91      0.00     1.00       0.0000    0.0000
   3424.00      1516.96      0.00     1.00       0.0000    0.0000
   3427.00      1517.01      0.00     1.00       0.0000    0.0000
   3430.00      1517.06      0.00     1.00       0.0000    0.0000
   3433.00      1517.12      0.00     1.00       0.0000    0.0000
   3436.00      1517.17      0.00     1.00       0.0000    0.0000
   3439.00      1517.22      0.00     1.00       0.0000    0.0000
   3442.00      1517.28      0.00     1.00       0.0000    0.0000
   3445.00      1517.33      0.00     1.00       0.0000    0.0000
   3448.00      1517.38      0.00     1.00       0.0000    0.0000
   3451.00      1517.43      0.00     1.00       0.0000    0.0000
   3454.00      1517.49      0.00     1.00       0.0000    0.0000
   3457.00      1517.54      0.00     1.00       0.0000    0.0000
   3460.00      1517.59      0.00     1.00       0.0000    0.0000
   3463.00      1517.64      0.00     1.00       0.0000    0.0000
   3466.00      1517.70      0.00     1.00       0.0000    0.0000
   3469.00      1517.75      0.00     1.00       0.0000    0.0000
   3472.00      1517.80      0.00     1.00       0.0000    0.0000
   3475.00      1517.85      0.00     1.00       0.0000    0.0000
   3478.00      1517.91      0.00     1.00       0.0000    0.0000
   3481.00      1517.96      0.00     1.00       0.0000    0.0000
   3484.00      1518.01      0.00     1.00       0.0000    0.0000
   3487.00      1518.06      0.00     1.00       0.0000    0.0000
   3490.00      1518.12      0.00     1.00       0.0000    0.0000
   3493.00      1518.17      0.00     1.00       0.0000    0.0000
   3496.00      1518.22      0.00     1.00       0.0000    0.0000
   3499.00      1518.27      0.00     1.00       0.0000    0.0000
   3502.00      1518.33      0.00     1.00       0.0000    0.0000
   3505.00      1518.38      0.00     1.00       0.0000    0.0000
   3508.00      1518.43      0.00     1.00       0.0000    0.0000
   3511.00      1518.48      0.00     1.00       0.0000    0.0000
   3514.00      1518.53      0.00     1.00       0.0000    0.0000
   3517.00      1518.58      0.00     1.00       0.0000    0.0000
   3520.00      1518.64      0.00     1.00       0.0000    0.0000
   3523.00      1518.69      0.00     1.00       0.0000    0.0000
   3526.00      1518.74      0.00     1.00       0.0000    0.0000
   3529.00      1518.79      0.00     1.00       0.0000    0.0000
   3532.00      1518.85      0.00     1.00       0.0000    0.0000
   3535.00      1518.90      0.00     1.00       0.0000    0.0000
   3538.00      1518.95      0.00     1.00       0.0000    0.0000
   3541.00      1519.00      0.00     1.00       0.0000    0.0000
   3544.00      1519.06      0.00     1.00       0.0000    0.0000
   3547.00      1519.11      0.00     1.00       0.0000    0.0000
   3550.00      1519.16      0.00     1.00       0.0000    0.0000
   3553.00      1519.21      0.00     1.00       0.0000    0.0000
   3556.00      1519.27      0.00     1.00       0.0000    0.0000
   3559.00      1519.32      0.00     1.00       0.0000    0.0000
   3562.00      1519.37      0.00     1.00       0.0000    0.0000
   3565.00      1519.42      0.00     1.00       0.0000    0.0000
   3568.00      1519.48      0.00     1.00       0.0000    0.0000
   3571.00      1519.53      0.00     1.00       0.0000    0.0000
   3574.00      1519.58      0.00     1.00       0.0000    0.0000
   3577.00      1519.64      0.00     1.00       0.0000    0.0000
   3580.00      1519.69      0.00     1.00       0.0000    0.0000
   3583.00      1519.74      0.00     1.00       0.0000    0.0000
   3586.00      1519.79      0.00     1.00       0.0000    0.0000
   3589.00      1519.85      0.00     1.00       0.0000    0.0000
   3592.00      1519.90      0.00     1.00       0.0000    0.0000
   3595.00      1519.95      0.00     1.00       0.0000    0.0000
   3598.00      1520.00      0.00     1.00       0.0000    0.0000
   3601.00      1520.06      0.00     1.00       0.0000    0.0000
   3604.00      1520.11      0.00     1.00       0.0000    0.0000
   3607.00      1520.16      0.00     1.00       0.0000    0.0000
   3610.00      1520.22      0.00     1.00       0.0000    0.0000
   3613.00      1520.27      0.00     1.00       0.0000    0.0000
   3616.00      1520.32      0.00     1.00       0.0000    0.0000
   3619.00      1520.37      0.00     1.00       0.0000    0.0000
   3622.00      1520.43      0.00     1.00       0.0000    0.0000
   3625.00      1520.48      0.00     1.00       0.0000    0.0000
   3628.00      1520.53      0.00     1.00       0.0000    0.0000
   3631.00      1520.58      0.00     1.00       0.0000    0.0000
   3634.00      1520.64      0.00     1.00       0.0000    0.0000
   3637.00      1520.70      0.00     1.00       0.0000    0.0000
   3640.00      1520.74      0.00     1.00       0.0000    0.0000
   3643.00      1520.80      0.00     1.00       0.0000    0.0000
   3646.00      1520.85      0.00     1.00       0.0000    0.0000
   3649.00      1520.90      0.00     1.00       0.0000    0.0000
   3652.00      1520.95      0.00     1.00       0.0000    0.0000
   3655.00      1521.01      0.00     1.00       0.0000    0.0000
   3658.00      1521.06      0.00     1.00       0.0000    0.0000
   3661.00      1521.11      0.00     1.00       0.0000    0.0000
   3664.00      1521.16      0.00     1.00       0.0000    0.0000
   3667.00      1521.22      0.00     1.00       0.0000    0.0000
   3670.00      1521.27      0.00     1.00       0.0000    0.0000
   3673.00      1521.32      0.00     1.00       0.0000    0.0000
   3676.00      1521.38      0.00     1.00       0.0000    0.0000
   3679.00      1521.43      0.00     1.00       0.0000    0.0000
   3682.00      1521.48      0.00     1.00       0.0000    0.0000
   3685.00      1521.53      0.00     1.00       0.0000    0.0000
   3688.00      1521.59      0.00     1.00       0.0000    0.0000
   3691.00      1521.64      0.00     1.00       0.0000    0.0000
   3694.00      1521.69      0.00     1.00       0.0000    0.0000
   3697.00      1521.75      0.00     1.00       0.0000    0.0000
   3700.00      1521.80      0.00     1.00       0.0000    0.0000
   3703.00      1521.85      0.00     1.00       0.0000    0.0000
   3706.00      1521.91      0.00     1.00       0.0000    0.0000
   3709.00      1521.96      0.00     1.00       0.0000    0.0000
   3712.00      1522.01      0.00     1.00       0.0000    0.0000
   3715.00      1522.06      0.00     1.00       0.0000    0.0000
   3718.00      1522.12      0.00     1.00       0.0000    0.0000
   3721.00      1522.17      0.00     1.00       0.0000    0.0000
   3724.00      1522.22      0.00     1.00       0.0000    0.0000
   3727.00      1522.28      0.00     1.00       0.0000    0.0000
   3730.00      1522.33      0.00     1.00       0.0000    0.0000
   3733.00      1522.38      0.00     1.00       0.0000    0.0000
   3736.00      1522.43      0.00     1.00       0.0000    0.0000
   3739.00      1522.49      0.00     1.00       0.0000    0.0000
   3742.00      1522.54      0.00     1.00       0.0000    0.0000
   3745.00      1522.59      0.00     1.00       0.0000    0.0000
   3748.00      1522.64      0.00     1.00       0.0000    0.0000
   3751.00      1522.70      0.00     1.00       0.0000    0.0000
   3754.00      1522.75      0.00     1.00       0.0000    0.0000
   3757.00      1522.80      0.00     1.00       0.0000    0.0000
   3760.00      1522.86      0.00     1.00       0.0000    0.0000
   3763.00      1522.91      0.00     1.00       0.0000    0.0000
   3766.00      1522.96      0.00     1.00       0.0000    0.0000
   3769.00      1523.01      0.00     1.00       0.0000    0.0000
   3772.00      1523.07      0.00     1.00       0.0000    0.0000
   3775.00      1523.12      0.00     1.00       0.0000    0.0000
   3778.00      1523.17      0.00     1.00       0.0000    0.0000
   3781.00      1523.23      0.00     1.00       0.0000    0.0000
   3784.00      1523.28      0.00     1.00       0.0000    0.0000
   3787.00      1523.33      0.00     1.00       0.0000    0.0000
   3790.00      1523.38      0.00     1.00       0.0000    0.0000
   3793.00      1523.43      0.00     1.00       0.0000    0.0000
   3796.00      1523.49      0.00     1.00       0.0000    0.0000
   3799.00      1523.54      0.00     1.00       0.0000    0.0000
   3802.00      1523.59      0.00     1.00       0.0000    0.0000
   3805.00      1523.64      0.00     1.00       0.0000    0.0000
   3808.00      1523.70      0.00     1.00       0.0000    0.0000
   3811.00      1523.75      0.00     1.00       0.0000    0.0000
   3814.00      1523.80      0.00     1.00       0.0000    0.0000
   3817.00      1523.86      0.00     1.00       0.0000    0.0000
   3820.00      1523.91      0.00     1.00       0.0000    0.0000
   3823.00      1523.96      0.00     1.00       0.0000    0.0000
   3826.00      1524.01      0.00     1.00       0.0000    0.0000
   3829.00      1524.07      0.00     1.00       0.0000    0.0000
   3832.00      1524.12      0.00     1.00       0.0000    0.0000
   3835.00      1524.17      0.00     1.00       0.0000    0.0000
   3838.00      1524.22      0.00     1.00       0.0000    0.0000
   3841.00      1524.28      0.00     1.00       0.0000    0.0000
   3844.00      1524.33      0.00     1.00       0.0000    0.0000
   3847.00      1524.38      0.00     1.00       0.0000    0.0000
   3850.00      1524.44      0.00     1.00       0.0000    0.0000
   3853.00      1524.49      0.00     1.00       0.0000    0.0000
   3856.00      1524.54      0.00     1.00       0.0000    0.0000
   3859.00      1524.59      0.00     1.00       0.0000    0.0000
   3862.00      1524.65      0.00     1.00       0.0000    0.0000
   3865.00      1524.70      0.00     1.00       0.0000    0.0000
   3868.00      1524.75      0.00     1.00       0.0000    0.0000
   3871.00      1524.81      0.00     1.00       0.0000    0.0000
   3874.00      1524.86      0.00     1.00       0.0000    0.0000
   3877.00      1524.91      0.00     1.00       0.0000    0.0000
   3880.00      1524.97      0.00     1.00       0.0000    0.0000
   3883.00      1525.02      0.00     1.00       0.0000    0.0000
   3886.00      1525.07      0.00     1.00       0.0000    0.0000
   3889.00      1525.12      0.00     1.00       0.0000    0.0000
   3892.00      1525.18      0.00     1.00       0.0000    0.0000
   3895.00      1525.23      0.00     1.00       0.0000    0.0000
   3898.00      1525.28      0.00     1.00       0.0000    0.0000
   3901.00      1525.34      0.00     1.00       0.0000    0.0000
   3904.00      1525.39      0.00     1.00       0.0000    0.0000
   3907.00      1525.44      0.00     1.00       0.0000    0.0000
   3910.00      1525.49      0.00     1.00       0.0000    0.0000
   3913.00      1525.55      0.00     1.00       0.0000    0.0000
   3916.00      1525.60      0.00     1.00       0.0000    0.0000
   3919.00      1525.65      0.00     1.00       0.0000    0.0000
   3922.00      1525.70      0.00     1.00       0.0000    0.0000
   3925.00      1525.76      0.00     1.00       0.0000    0.0000
   3928.00      1525.81      0.00     1.00       0.0000    0.0000
   3931.00      1525.86      0.00     1.00       0.0000    0.0000
   3934.00      1525.91      0.00     1.00       0.0000    0.0000
   3937.00      1525.97      0.00     1.00       0.0000    0.0000
   3940.00      1526.02      0.00     1.00       0.0000    0.0000
   3943.00      1526.07      0.00     1.00       0.0000    0.0000
   3946.00      1526.12      0.00     1.00       0.0000    0.0000
   3949.00      1526.18      0.00     1.00       0.0000    0.0000
   3952.00      1526.23      0.00     1.00       0.0000    0.0000
   3955.00      1526.28      0.00     1.00       0.0000    0.0000
   3958.00      1526.34      0.00     1.00       0.0000    0.0000
   3961.00      1526.39      0.00     1.00       0.0000    0.0000
   3964.00      1526.44      0.00     1.00       0.0000    0.0000
   3967.00      1526.49      0.00     1.00       0.0000    0.0000
   3970.00      1526.55      0.00     1.00       0.0000    0.0000
   3973.00      1526.60      0.00     1.00       0.0000    0.0000
   3976.00      1526.65      0.00     1.00       0.0000    0.0000
   3979.00      1526.71      0.00     1.00       0.0000    0.0000
   3982.00      1526.76      0.00     1.00       0.0000    0.0000
   3985.00      1526.81      0.00     1.00       0.0000    0.0000
   3988.00      1526.86      0.00     1.00       0.0000    0.0000
   3991.00      1526.92      0.00     1.00       0.0000    0.0000
   3994.00      1526.97      0.00     1.00       0.0000    0.0000
   3997.00      1527.02      0.00     1.00       0.0000    0.0000
   4000.00      1527.08      0.00     1.00       0.0000    0.0000
   4003.00      1527.13      0.00     1.00       0.0000    0.0000
   4006.00      1527.18      0.00     1.00       0.0000    0.0000
   4009.00      1527.23      0.00     1.00       0.0000    0.0000
   4012.00      1527.29      0.00     1.00       0.0000    0.0000
   4015.00      1527.34      0.00     1.00       0.0000    0.0000
   4018.00      1527.39      0.00     1.00       0.0000    0.0000
   4021.00      1527.45      0.00     1.00       0.0000    0.0000
   4024.00      1527.50      0.00     1.00       0.0000    0.0000
   4027.00      1527.55      0.00     1.00       0.0000    0.0000
   4030.00      1527.60      0.00     1.00       0.0000    0.0000
   4033.00      1527.66      0.00     1.00       0.0000    0.0000
   4036.00      1527.71      0.00     1.00       0.0000    0.0000
   4039.00      1527.76      0.00     1.00       0.0000    0.0000
   4042.00      1527.82      0.00     1.00       0.0000    0.0000
   4045.00      1527.87      0.00     1.00       0.0000    0.0000
   4048.00      1527.92      0.00     1.00       0.0000    0.0000
   4051.00      1527.98      0.00     1.00       0.0000    0.0000
   4054.00      1528.03      0.00     1.00       0.0000    0.0000
   4057.00      1528.08      0.00     1.00       0.0000    0.0000
   4060.00      1528.14      0.00     1.00       0.0000    0.0000
   4063.00      1528.19      0.00     1.00       0.0000    0.0000
   4066.00      1528.25      0.00     1.00       0.0000    0.0000
   4069.00      1528.30      0.00     1.00       0.0000    0.0000
   4072.00      1528.35      0.00     1.00       0.0000    0.0000
   4075.00      1528.40      0.00     1.00       0.0000    0.0000
   4078.00      1528.45      0.00     1.00       0.0000    0.0000
   4081.00      1528.51      0.00     1.00       0.0000    0.0000
   4084.00      1528.56      0.00     1.00       0.0000    0.0000
   4087.00      1528.61      0.00     1.00       0.0000    0.0000
   4090.00      1528.67      0.00     1.00       0.0000    0.0000
   4093.00      1528.72      0.00     1.00       0.0000    0.0000
   4096.00      1528.77      0.00     1.00       0.0000    0.0000
   4099.00      1528.83      0.00     1.00       0.0000    0.0000
   4102.00      1528.88      0.00     1.00       0.0000    0.0000
   4105.00      1528.93      0.00     1.00       0.0000    0.0000
   4108.00      1528.99      0.00     1.00       0.0000    0.0000
   4111.00      1529.04      0.00     1.00       0.0000    0.0000
   4114.00      1529.09      0.00     1.00       0.0000    0.0000
   4117.00      1529.15      0.00     1.00       0.0000    0.0000
   4120.00      1529.20      0.00     1.00       0.0000    0.0000
   4123.00      1529.25      0.00     1.00       0.0000    0.0000
   4126.00      1529.30      0.00     1.00       0.0000    0.0000
   4129.00      1529.36      0.00     1.00       0.0000    0.0000
   4132.00      1529.41      0.00     1.00       0.0000    0.0000
   4135.00      1529.46      0.00     1.00       0.0000    0.0000
   4138.00      1529.52      0.00     1.00       0.0000    0.0000
   4141.00      1529.57      0.00     1.00       0.0000    0.0000
   4144.00      1529.62      0.00     1.00       0.0000    0.0000
   4147.00      1529.67      0.00     1.00       0.0000    0.0000
   4150.00      1529.73      0.00     1.00       0.0000    0.0000
   4153.00      1529.78      0.00     1.00       0.0000    0.0000
   4156.00      1529.83      0.00     1.00       0.0000    0.0000
   4159.00      1529.89      0.00     1.00       0.0000    0.0000
   4162.00      1529.94      0.00     1.00       0.0000    0.0000
   4165.00      1529.99      0.00     1.00       0.0000    0.0000
   4168.00      1530.05      0.00     1.00       0.0000    0.0000
   4171.00      1530.10      0.00     1.00       0.0000    0.0000
   4174.00      1530.15      0.00     1.00       0.0000    0.0000
   4177.00      1530.21      0.00     1.00       0.0000    0.0000
   4180.00      1530.26      0.00     1.00       0.0000    0.0000
   4183.00      1530.31      0.00     1.00       0.0000    0.0000
   4186.00      1530.37      0.00     1.00       0.0000    0.0000
   4189.00      1530.42      0.00     1.00       0.0000    0.0000
   4192.00      1530.47      0.00     1.00       0.0000    0.0000
   4195.00      1530.53      0.00     1.00       0.0000    0.0000
   4198.00      1530.58      0.00     1.00       0.0000    0.0000
   4201.00      1530.63      0.00     1.00       0.0000    0.0000
   4204.00      1530.69      0.00     1.00       0.0000    0.0000
   4207.00      1530.74      0.00     1.00       0.0000    0.0000
   4210.00      1530.79      0.00     1.00       0.0000    0.0000
   4213.00      1530.84      0.00     1.00       0.0000    0.0000
   4216.00      1530.90      0.00     1.00       0.0000    0.0000
   4219.00      1530.95      0.00     1.00       0.0000    0.0000
   4222.00      1531.01      0.00     1.00       0.0000    0.0000
   4225.00      1531.06      0.00     1.00       0.0000    0.0000
   4228.00      1531.11      0.00     1.00       0.0000    0.0000
   4231.00      1531.16      0.00     1.00       0.0000    0.0000
   4234.00      1531.22      0.00     1.00       0.0000    0.0000
   4237.00      1531.27      0.00     1.00       0.0000    0.0000
   4240.00      1531.32      0.00     1.00       0.0000    0.0000
   4243.00      1531.38      0.00     1.00       0.0000    0.0000
   4246.00      1531.43      0.00     1.00       0.0000    0.0000
   4249.00      1531.48      0.00     1.00       0.0000    0.0000
   4252.00      1531.54      0.00     1.00       0.0000    0.0000
   4255.00      1531.59      0.00     1.00       0.0000    0.0000
   4258.00      1531.64      0.00     1.00       0.0000    0.0000
   4261.00      1531.70      0.00     1.00       0.0000    0.0000
   4264.00      1531.75      0.00     1.00       0.0000    0.0000
   4267.00      1531.80      0.00     1.00       0.0000    0.0000
   4270.00      1531.86      0.00     1.00       0.0000    0.0000
   4273.00      1531.91      0.00     1.00       0.0000    0.0000
   4276.00      1531.96      0.00     1.00       0.0000    0.0000
   4279.00      1532.02      0.00     1.00       0.0000    0.0000
   4282.00      1532.07      0.00     1.00       0.0000    0.0000
   4285.00      1532.12      0.00     1.00       0.0000    0.0000
   4288.00      1532.17      0.00     1.00       0.0000    0.0000
   4291.00      1532.23      0.00     1.00       0.0000    0.0000
   4294.00      1532.28      0.00     1.00       0.0000    0.0000
   4297.00      1532.33      0.00     1.00       0.0000    0.0000
   4300.00      1532.39      0.00     1.00       0.0000    0.0000
   4303.00      1532.44      0.00     1.00       0.0000    0.0000
   4306.00      1532.49      0.00     1.00       0.0000    0.0000
   4309.00      1532.55      0.00     1.00       0.0000    0.0000
   4312.00      1532.60      0.00     1.00       0.0000    0.0000
   4315.00      1532.65      0.00     1.00       0.0000    0.0000
   4318.00      1532.71      0.00     1.00       0.0000    0.0000
   4321.00      1532.76      0.00     1.00       0.0000    0.0000
   4324.00      1532.81      0.00     1.00       0.0000    0.0000
   4325.00      1542.60      0.00     1.00       0.0000    0.0000

                                 ( RMS roughness =   0.00     )
     ACOUSTO-ELASTIC half-space
   4325.00      1542.60      0.00     1.60       0.2000    0.0000

 __________________________________________________________________________


 Number of source   depths =            1
 Source depths (m)
   100.000    

 Number of receiver depths =            1
 Receiver depths (m)
   110.000    

 Number of receiver ranges =            1
 Receiver ranges (km)
   60.0000    

 Arrivals calculation, ASCII  file output
 Geometric hat beams in Cartesian coordinates
 Point source (cylindrical coordinates)
 Rectilinear receiver grid: Receivers at rr( : ) x rd( : )

 Number of beams in elevation   =         1000
 Beam take-off angles (degrees)
  -45.0000      -44.9099      -44.8198      -44.7297      -44.6396    
  -44.5495      -44.4595      -44.3694      -44.2793      -44.1892    
  -44.0991      -44.0090      -43.9189      -43.8288      -43.7387    
  -43.6486      -43.5586      -43.4685      -43.3784      -43.2883    
  -43.1982    
  ...    45.000000000000000     

 __________________________________________________________________________


 Step length,      deltas =    50.000000000000000      m

 Maximum ray depth, Box%z =    4335.0000000000000      m
 Maximum ray range, Box%r =    61000.000000000000      m
 No beam shift in effect


 ( Maximum # of arrivals =     20000000 )

Tracing beam       1    -45.00

 Geometic hat beams                      
 halfwidth  =    102.79791682349614     
 epsilonOpt =  (  0.0000000000000000     ,  99595508.923171297     )
 EpsMult    =    1.0000000000000000     

Tracing beam      21    -43.20
Tracing beam      41    -41.40
Tracing beam      61    -39.59
Tracing beam      81    -37.79
Tracing beam     101    -35.99
Tracing beam     121    -34.19
Tracing beam     141    -32.39
Tracing beam     161    -30.59
Tracing beam     181    -28.78
Tracing beam     201    -26.98
Tracing beam     221    -25.18
Tracing beam     241    -23.38
Tracing beam     261    -21.58
Tracing beam     281    -19.77
Tracing beam     301    -17.97
Tracing beam     321    -16.17
Tracing beam     341    -14.37
Tracing beam     361    -12.57
Tracing beam     381    -10.77
Tracing beam     401     -8.96
Tracing beam     421     -7.16
Tracing beam     441     -5.36
Tracing beam     461     -3.56
Tracing beam     481     -1.76
Tracing beam     501      0.05
Tracing beam     521      1.85
Tracing beam     541      3.65
Tracing beam     561      5.45
Tracing beam     581      7.25
Tracing beam     601      9.05
Tracing beam     621     10.86
Tracing beam     641     12.66
Tracing beam     661     14.46
Tracing beam     681     16.26
Tracing beam     701     18.06
Tracing beam     721     19.86
Tracing beam     741     21.67
Tracing beam     761     23.47
Tracing beam     781     25.27
Tracing beam     801     27.07
Tracing beam     821     28.87
Tracing beam     841     30.68
Tracing beam     861     32.48
Tracing beam     881     34.28
Tracing beam     901     36.08
Tracing beam     921     37.88
Tracing beam     941     39.68
Tracing beam     961     41.49
Tracing beam     981     43.29

 CPU Time =        5.70    s
